time,temp
12.48,2025-04-0403:20:47
13.76,2025-04-0403:45:30
13.76,2025-04-0403:56:28
14.76,2025-04-0404:42:28
14.76,2025-04-0404:53:33
14.76,2025-04-0405:37:32
14.76,2025-04-0405:48:52
14.76,2025-04-0405:59:47
14.76,2025-04-0406:48:33
14.76,2025-04-0406:59:31
14.76,2025-04-0407:30:00
14.76,2025-04-0407:43:05
14.76,2025-04-0407:53:58
13.76,2025-04-0408:43:31
13.76,2025-04-0408:55:18
11.76,2025-04-0409:33:58
11.76,2025-04-0409:45:12
11.76,2025-04-0409:55:58
9.76,2025-04-0410:41:05
9.76,2025-04-0410:52:13
7.76,2025-04-0411:26:58
7.76,2025-04-0411:42:20
7.76,2025-04-0411:53:19
10.28,2025-04-0413:17:17
5.76,2025-04-0413:44:36
5.76,2025-04-0413:55:37
7.76,2025-04-0414:38:31
7.76,2025-04-0414:49:47
7.76,2025-04-0415:35:12
7.76,2025-04-0415:50:57
7.76,2025-04-0416:43:59
7.76,2025-04-0416:55:22
6.76,2025-04-0417:32:41
6.76,2025-04-0417:43:46
6.76,2025-04-0417:54:40
7.76,2025-04-0418:46:01
7.76,2025-04-0418:56:56
7.78,2025-04-0419:26:59
7.76,2025-04-0419:39:47
7.76,2025-04-0419:50:38
7.76,2025-04-0420:32:44
7.76,2025-04-0420:44:54
7.76,2025-04-0420:55:40
7.76,2025-04-0421:29:02
7.76,2025-04-0421:40:35
7.76,2025-04-0421:51:28
8.76,2025-04-0422:35:33
8.76,2025-04-0422:46:55
8.76,2025-04-0422:57:44
7.76,2025-04-0423:29:55
7.76,2025-04-0423:41:51
7.76,2025-04-0423:53:09
7.76,2025-04-0503:04:53
7.76,2025-04-0503:49:15
7.76,2025-04-0504:00:03
7.76,2025-04-0504:39:13
7.76,2025-04-0504:50:39
7.76,2025-04-0505:33:59
7.76,2025-04-0505:44:50
7.76,2025-04-0505:55:44
7.76,2025-04-0506:43:07
7.76,2025-04-0506:54:16
7.76,2025-04-0507:26:13
7.76,2025-04-0507:39:54
7.76,2025-04-0507:50:56
7.76,2025-04-0508:37:01
7.76,2025-04-0508:49:15
7.76,2025-04-0509:00:02
7.76,2025-04-0509:29:57
7.76,2025-04-0509:40:52
7.76,2025-04-0509:51:44
7.76,2025-04-0510:36:45
7.76,2025-04-0510:47:59
7.76,2025-04-0510:59:04
7.76,2025-04-0511:24:43
7.76,2025-04-0511:39:12
7.76,2025-04-0511:50:26
7.76,2025-04-0513:01:36
7.76,2025-04-0513:34:01
7.76,2025-04-0513:45:04
7.76,2025-04-0513:56:10
7.76,2025-04-0514:31:46
7.76,2025-04-0514:42:33
7.76,2025-04-0514:53:49
6.76,2025-04-0515:28:55
6.76,2025-04-0515:40:32
6.76,2025-04-0515:51:38
6.76,2025-04-0516:40:10
6.76,2025-04-0516:51:03
6.76,2025-04-0517:29:20
6.76,2025-04-0517:42:16
6.76,2025-04-0517:53:31
7.76,2025-04-0518:39:34
7.76,2025-04-0518:50:40
7.21,2025-04-0519:20:41
6.76,2025-04-0519:37:16
6.76,2025-04-0519:48:38
6.76,2025-04-0519:59:32
6.76,2025-04-0520:31:00
6.76,2025-04-0520:42:12
6.76,2025-04-0520:53:37
5.76,2025-04-0521:27:52
5.76,2025-04-0521:39:13
5.76,2025-04-0521:50:35
5.76,2025-04-0522:33:00
5.76,2025-04-0522:43:56
5.76,2025-04-0522:54:58
7.76,2025-04-0523:29:08
7.76,2025-04-0523:41:04
6.76,2025-04-0523:52:08
12.67,2025-04-0603:10:56
13.76,2025-04-0603:51:19
13.76,2025-04-0604:43:12
13.76,2025-04-0604:54:41
13.76,2025-04-0605:33:00
13.76,2025-04-0605:44:16
13.76,2025-04-0605:55:28
13.76,2025-04-0606:47:55
13.76,2025-04-0606:58:48
13.76,2025-04-0607:27:02
13.76,2025-04-0607:38:59
13.76,2025-04-0607:49:58
12.76,2025-04-0608:38:20
12.76,2025-04-0608:50:31
11.76,2025-04-0609:29:36
11.76,2025-04-0609:40:59
11.76,2025-04-0609:51:46
9.76,2025-04-0610:37:27
9.76,2025-04-0610:48:38
9.76,2025-04-0610:59:45
8.76,2025-04-0611:24:24
8.76,2025-04-0611:38:38
8.76,2025-04-0611:49:47
8.76,2025-04-0613:01:55
7.76,2025-04-0613:35:26
7.76,2025-04-0613:46:38
7.76,2025-04-0613:57:37
5.76,2025-04-0614:32:46
5.76,2025-04-0614:43:40
5.76,2025-04-0614:54:40
3.76,2025-04-0615:29:26
3.76,2025-04-0615:40:44
3.76,2025-04-0615:51:47
3.76,2025-04-0616:39:40
3.76,2025-04-0616:50:32
4.76,2025-04-0617:28:39
4.76,2025-04-0617:41:56
4.76,2025-04-0617:53:14
2.76,2025-04-0618:40:29
2.76,2025-04-0618:51:25
7.15,2025-04-0619:20:33
2.76,2025-04-0619:39:13
2.76,2025-04-0619:50:09
3.76,2025-04-0620:30:41
3.76,2025-04-0620:42:49
3.76,2025-04-0620:53:43
2.76,2025-04-0621:27:45
2.76,2025-04-0621:40:36
2.76,2025-04-0621:51:41
3.76,2025-04-0622:33:04
3.76,2025-04-0622:44:04
3.76,2025-04-0622:54:51
8.76,2025-04-0623:27:09
8.76,2025-04-0623:39:55
8.76,2025-04-0623:51:01
15.76,2025-04-0703:11:41
17.76,2025-04-0703:52:46
17.76,2025-04-0704:40:25
17.76,2025-04-0704:52:24
18.76,2025-04-0705:38:04
18.76,2025-04-0705:49:06
18.76,2025-04-0705:59:56
19.76,2025-04-0706:50:22
18.76,2025-04-0707:31:32
18.76,2025-04-0707:43:39
18.76,2025-04-0707:54:37
17.76,2025-04-0708:47:23
17.76,2025-04-0708:58:24
16.76,2025-04-0709:37:43
16.76,2025-04-0709:48:41
16.76,2025-04-0709:59:29
15.76,2025-04-0710:44:08
15.76,2025-04-0710:55:11
14.76,2025-04-0711:26:57
14.76,2025-04-0711:40:11
14.76,2025-04-0711:51:01
14.76,2025-04-0713:19:46
14.76,2025-04-0713:47:48
14.76,2025-04-0713:58:57
13.76,2025-04-0714:42:37
13.76,2025-04-0714:53:40
12.76,2025-04-0715:36:11
12.76,2025-04-0715:48:04
12.76,2025-04-0715:58:53
12.76,2025-04-0716:47:55
12.76,2025-04-0716:58:42
11.76,2025-04-0717:34:17
11.76,2025-04-0717:45:14
11.76,2025-04-0717:56:05
10.76,2025-04-0718:43:51
10.76,2025-04-0718:54:51
9.56,2025-04-0719:23:58
9.76,2025-04-0719:39:23
9.76,2025-04-0719:50:51
9.76,2025-04-0720:34:01
9.76,2025-04-0720:46:42
9.76,2025-04-0720:57:58
9.76,2025-04-0721:31:33
9.76,2025-04-0721:43:41
9.76,2025-04-0721:55:43
9.76,2025-04-0722:37:00
9.76,2025-04-0722:47:53
9.76,2025-04-0722:59:07
10.76,2025-04-0723:32:00
10.76,2025-04-0723:43:29
10.76,2025-04-0723:54:17
17.16,2025-04-0803:07:50
15.76,2025-04-0803:51:51
16.76,2025-04-0804:41:22
16.76,2025-04-0804:54:29
17.76,2025-04-0805:37:51
17.76,2025-04-0805:48:55
17.76,2025-04-0806:00:00
17.76,2025-04-0806:49:53
17.76,2025-04-0807:29:35
17.76,2025-04-0807:41:55
17.76,2025-04-0807:52:53
17.76,2025-04-0808:47:08
17.76,2025-04-0808:57:58
15.76,2025-04-0809:37:34
15.76,2025-04-0809:48:49
15.76,2025-04-0809:59:45
13.76,2025-04-0810:44:01
13.76,2025-04-0810:55:18
12.76,2025-04-0811:26:44
12.76,2025-04-0811:41:13
12.76,2025-04-0811:52:10
9.76,2025-04-0813:34:28
9.76,2025-04-0813:50:19
7.76,2025-04-0814:41:00
7.76,2025-04-0814:52:21
6.76,2025-04-0815:38:28
6.76,2025-04-0815:50:08
6.76,2025-04-0816:47:11
6.76,2025-04-0816:58:07
5.76,2025-04-0817:36:33
5.76,2025-04-0817:47:24
5.76,2025-04-0817:58:24
5.76,2025-04-0818:49:16
5.76,2025-04-0819:00:24
5.76,2025-04-0819:26:03
5.76,2025-04-0819:39:54
5.76,2025-04-0819:50:54
6.76,2025-04-0820:35:25
6.76,2025-04-0820:49:29
6.76,2025-04-0821:28:54
6.76,2025-04-0821:42:11
6.76,2025-04-0821:53:15
7.76,2025-04-0822:37:10
7.76,2025-04-0822:48:07
7.76,2025-04-0822:59:06
10.76,2025-04-0823:30:29
10.76,2025-04-0823:42:29
10.76,2025-04-0823:53:24
15.76,2025-04-0903:09:21
16.76,2025-04-0903:52:13
17.76,2025-04-0904:40:20
17.76,2025-04-0904:54:39
15.76,2025-04-0905:37:51
15.76,2025-04-0905:49:04
15.76,2025-04-0906:00:09
14.76,2025-04-0906:50:11
12.76,2025-04-0907:29:49
12.76,2025-04-0907:42:51
12.76,2025-04-0907:53:59
13.76,2025-04-0908:50:13
13.76,2025-04-0909:38:00
13.76,2025-04-0909:49:45
11.76,2025-04-0910:46:19
11.76,2025-04-0910:57:54
10.76,2025-04-0911:26:56
10.76,2025-04-0911:39:57
10.76,2025-04-0911:51:21
9.76,2025-04-0913:37:00
9.76,2025-04-0913:56:35
10.76,2025-04-0914:45:16
10.76,2025-04-0914:56:06
12.09,2025-04-0915:40:55
9.76,2025-04-0915:52:38
9.76,2025-04-0916:50:24
8.76,2025-04-0917:33:43
8.76,2025-04-0917:45:07
8.76,2025-04-0917:55:54
8.76,2025-04-0918:46:46
8.76,2025-04-0918:57:40
9.94,2025-04-0919:25:04
8.76,2025-04-0919:39:29
8.76,2025-04-0919:50:34
7.76,2025-04-0920:34:27
6.76,2025-04-0920:51:39
5.76,2025-04-0921:26:51
5.76,2025-04-0921:40:00
5.76,2025-04-0921:51:17
6.76,2025-04-0922:32:45
6.76,2025-04-0922:44:06
6.76,2025-04-0922:55:17
9.76,2025-04-0923:29:06
9.76,2025-04-0923:41:50
9.76,2025-04-0923:53:08
15.76,2025-04-1003:09:40
15.76,2025-04-1003:52:55
17.76,2025-04-1004:43:09
17.76,2025-04-1004:54:33
17.76,2025-04-1005:37:40
17.76,2025-04-1005:48:49
17.76,2025-04-1005:59:45
17.76,2025-04-1006:49:32
16.76,2025-04-1007:31:11
16.76,2025-04-1007:44:03
16.76,2025-04-1007:54:45
15.76,2025-04-1008:46:11
15.76,2025-04-1008:57:07
13.76,2025-04-1009:36:03
13.76,2025-04-1009:46:57
13.76,2025-04-1009:57:49
11.76,2025-04-1010:43:09
11.76,2025-04-1010:53:58
13.54,2025-04-1011:26:24
10.76,2025-04-1011:40:17
10.76,2025-04-1011:51:10
8.76,2025-04-1013:19:15
8.76,2025-04-1013:47:32
8.76,2025-04-1013:58:23
7.76,2025-04-1014:40:22
7.76,2025-04-1014:51:53
7.76,2025-04-1015:35:44
7.76,2025-04-1015:47:17
7.76,2025-04-1015:58:35
6.76,2025-04-1016:49:23
6.76,2025-04-1017:32:24
6.76,2025-04-1017:43:40
6.76,2025-04-1017:54:37
6.76,2025-04-1018:43:34
6.76,2025-04-1018:54:52
6.76,2025-04-1019:21:45
6.76,2025-04-1019:38:25
6.76,2025-04-1019:49:11
6.76,2025-04-1020:00:00
6.76,2025-04-1020:36:56
6.76,2025-04-1020:47:58
6.76,2025-04-1020:58:49
6.76,2025-04-1021:30:23
6.76,2025-04-1021:41:49
6.76,2025-04-1021:52:46
6.76,2025-04-1022:38:18
6.76,2025-04-1022:49:19
6.76,2025-04-1023:00:05
10.76,2025-04-1023:31:31
10.76,2025-04-1023:44:35
10.76,2025-04-1023:55:30
20.76,2025-04-1103:10:06
20.76,2025-04-1103:52:11
22.76,2025-04-1104:41:30
22.76,2025-04-1104:53:34
22.76,2025-04-1105:39:37
22.76,2025-04-1105:50:31
21.76,2025-04-1106:48:00
21.76,2025-04-1106:58:48
21.76,2025-04-1107:30:21
21.76,2025-04-1107:41:39
21.76,2025-04-1107:52:25
19.76,2025-04-1108:44:13
19.76,2025-04-1108:55:42
18.76,2025-04-1109:35:09
18.76,2025-04-1109:46:18
18.76,2025-04-1109:57:19
16.76,2025-04-1110:41:35
16.76,2025-04-1110:52:38
13.76,2025-04-1111:25:40
13.76,2025-04-1111:39:54
13.76,2025-04-1111:51:18
11.76,2025-04-1113:17:38
11.76,2025-04-1113:47:05
11.76,2025-04-1113:58:04
10.76,2025-04-1114:40:16
10.76,2025-04-1114:51:07
9.76,2025-04-1115:34:16
9.76,2025-04-1115:46:29
9.76,2025-04-1115:57:39
9.76,2025-04-1116:47:44
9.76,2025-04-1116:58:33
9.76,2025-04-1117:30:55
9.76,2025-04-1117:44:14
9.76,2025-04-1117:55:21
9.76,2025-04-1118:47:23
9.76,2025-04-1118:58:11
10.76,2025-04-1119:25:29
10.76,2025-04-1119:39:44
10.76,2025-04-1119:51:01
9.76,2025-04-1120:32:56
9.76,2025-04-1120:45:22
9.76,2025-04-1120:56:15
9.76,2025-04-1121:29:38
9.76,2025-04-1121:41:09
9.76,2025-04-1121:52:01
10.76,2025-04-1122:38:23
10.76,2025-04-1122:50:32
15.76,2025-04-1123:28:35
15.76,2025-04-1123:41:54
15.76,2025-04-1123:53:02
21.76,2025-04-1203:06:29
21.76,2025-04-1203:49:23
19.76,2025-04-1204:39:39
15.76,2025-04-1204:50:50
16.76,2025-04-1205:32:13
16.76,2025-04-1205:42:58
16.76,2025-04-1206:44:10
16.76,2025-04-1206:55:14
15.76,2025-04-1207:26:48
15.76,2025-04-1207:39:47
15.76,2025-04-1207:50:59
11.76,2025-04-1208:38:04
11.76,2025-04-1208:51:24
8.76,2025-04-1209:31:15
8.76,2025-04-1209:42:13
8.76,2025-04-1209:53:06
6.76,2025-04-1210:35:09
6.76,2025-04-1210:46:05
6.76,2025-04-1210:56:54
6.41,2025-04-1211:23:20
4.76,2025-04-1211:38:26
4.76,2025-04-1211:49:42
4.76,2025-04-1213:01:41
1.76,2025-04-1213:34:30
1.76,2025-04-1213:45:42
0.76,2025-04-1213:56:42
0.76,2025-04-1214:32:13
0.76,2025-04-1214:43:07
0.76,2025-04-1214:54:14
0.76,2025-04-1215:29:34
0.76,2025-04-1215:42:42
0.76,2025-04-1215:53:58
0.76,2025-04-1216:39:18
0.76,2025-04-1216:52:05
1.76,2025-04-1217:32:24
1.76,2025-04-1217:43:05
1.76,2025-04-1217:54:21
2.76,2025-04-1218:40:57
2.76,2025-04-1218:51:48
3.76,2025-04-1219:22:00
3.76,2025-04-1219:37:27
3.76,2025-04-1219:48:32
3.76,2025-04-1219:59:27
4.76,2025-04-1220:31:22
4.76,2025-04-1220:42:42
4.76,2025-04-1220:53:40
4.76,2025-04-1221:26:55
4.76,2025-04-1221:39:52
4.76,2025-04-1221:50:43
6.76,2025-04-1222:32:39
6.76,2025-04-1222:43:50
6.76,2025-04-1222:54:54
6.76,2025-04-1304:18:36
3.76,2025-04-1305:34:50
3.76,2025-04-1305:50:17
6.76,2025-04-1306:43:37
6.76,2025-04-1306:54:38
6.76,2025-04-1307:27:27
6.76,2025-04-1307:39:23
6.76,2025-04-1307:50:42
6.76,2025-04-1308:39:06
6.76,2025-04-1308:50:46
6.76,2025-04-1309:32:14
6.76,2025-04-1309:43:38
6.76,2025-04-1309:54:52
5.76,2025-04-1310:39:23
5.76,2025-04-1310:50:30
5.76,2025-04-1311:22:28
5.76,2025-04-1311:37:53
5.76,2025-04-1311:49:02
5.76,2025-04-1311:59:51
5.76,2025-04-1313:04:38
5.76,2025-04-1313:43:26
5.76,2025-04-1313:54:10
5.76,2025-04-1314:32:02
5.76,2025-04-1314:43:01
5.76,2025-04-1314:54:29
5.76,2025-04-1315:32:21
5.76,2025-04-1315:43:35
5.76,2025-04-1315:54:56
4.76,2025-04-1316:43:20
4.76,2025-04-1316:54:26
4.76,2025-04-1317:30:52
1.76,2025-04-1317:42:12
1.76,2025-04-1317:53:35
0.76,2025-04-1318:41:08
0.76,2025-04-1318:52:20
2.76,2025-04-1319:21:30
2.76,2025-04-1319:37:17
2.76,2025-04-1319:48:35
2.76,2025-04-1319:59:27
2.76,2025-04-1320:32:00
2.76,2025-04-1320:43:32
2.76,2025-04-1320:54:44
3.76,2025-04-1321:28:07
3.76,2025-04-1321:39:58
3.76,2025-04-1321:50:55
3.76,2025-04-1322:33:51
3.76,2025-04-1322:45:13
3.76,2025-04-1322:56:28
4.76,2025-04-1323:31:56
4.76,2025-04-1323:45:21
4.76,2025-04-1323:56:05
6.76,2025-04-1403:15:32
6.76,2025-04-1403:56:27
5.76,2025-04-1404:42:23
5.76,2025-04-1404:53:10
6.76,2025-04-1405:38:35
6.76,2025-04-1405:49:29
5.76,2025-04-1406:50:10
5.76,2025-04-1407:31:11
5.76,2025-04-1407:42:45
5.76,2025-04-1407:53:42
5.76,2025-04-1408:47:55
5.76,2025-04-1408:58:56
5.76,2025-04-1409:39:00
5.76,2025-04-1409:49:55
5.76,2025-04-1410:42:38
5.76,2025-04-1410:53:41
5.76,2025-04-1411:26:34
5.76,2025-04-1411:40:09
5.76,2025-04-1411:51:31
4.76,2025-04-1413:35:48
4.76,2025-04-1413:51:32
3.76,2025-04-1414:41:42
3.76,2025-04-1414:52:39
3.76,2025-04-1415:33:29
3.76,2025-04-1415:47:01
3.76,2025-04-1415:58:13
2.76,2025-04-1416:49:52
1.76,2025-04-1417:32:44
1.76,2025-04-1417:44:02
1.76,2025-04-1417:54:51
0.76,2025-04-1418:48:53
0.76,2025-04-1418:59:59
-0.24,2025-04-1419:26:02
-0.24,2025-04-1419:40:04
-0.24,2025-04-1419:50:44
-1.24,2025-04-1420:36:51
-1.24,2025-04-1420:48:44
-1.24,2025-04-1420:59:47
0.76,2025-04-1421:31:13
0.76,2025-04-1421:42:37
0.76,2025-04-1421:53:58
1.76,2025-04-1422:37:27
1.76,2025-04-1422:48:37
1.76,2025-04-1422:59:28
5.76,2025-04-1423:30:27
5.76,2025-04-1423:43:14
5.76,2025-04-1423:54:09
11.76,2025-04-1503:14:27
12.76,2025-04-1503:54:43
12.76,2025-04-1504:42:00
12.76,2025-04-1504:55:23
13.76,2025-04-1505:38:18
13.76,2025-04-1505:49:36
12.76,2025-04-1506:48:26
12.76,2025-04-1506:59:35
12.76,2025-04-1507:37:14
12.76,2025-04-1507:48:07
12.76,2025-04-1507:59:05
11.76,2025-04-1508:50:23
9.76,2025-04-1509:35:42
9.76,2025-04-1509:47:13
9.76,2025-04-1509:58:23
8.76,2025-04-1510:44:39
8.76,2025-04-1510:55:39
7.76,2025-04-1511:27:09
7.76,2025-04-1511:42:59
7.76,2025-04-1511:54:11
6.76,2025-04-1513:36:26
6.76,2025-04-1513:52:15
6.76,2025-04-1514:41:38
6.76,2025-04-1514:52:55
6.76,2025-04-1515:37:44
6.76,2025-04-1515:49:29
5.76,2025-04-1516:43:56
5.76,2025-04-1516:56:10
3.76,2025-04-1517:35:26
3.76,2025-04-1517:46:16
3.76,2025-04-1517:57:09
5.76,2025-04-1518:47:28
5.76,2025-04-1518:58:15
4.76,2025-04-1519:24:57
4.76,2025-04-1519:39:37
4.76,2025-04-1519:50:51
5.76,2025-04-1520:35:01
5.76,2025-04-1520:48:12
5.76,2025-04-1520:59:03
5.76,2025-04-1521:30:51
5.76,2025-04-1521:42:20
5.76,2025-04-1521:53:31
6.76,2025-04-1522:37:41
6.76,2025-04-1522:48:56
6.76,2025-04-1522:59:42
9.76,2025-04-1523:30:44
9.76,2025-04-1523:42:53
9.76,2025-04-1523:54:19
17.76,2025-04-1603:13:11
17.76,2025-04-1603:54:43
19.76,2025-04-1604:41:06
19.76,2025-04-1604:54:56
21.76,2025-04-1605:38:37
21.76,2025-04-1605:49:58
20.76,2025-04-1606:48:38
20.76,2025-04-1606:59:31
21.76,2025-04-1607:31:27
21.76,2025-04-1607:42:40
21.76,2025-04-1607:53:43
20.76,2025-04-1608:48:54
20.76,2025-04-1608:59:52
19.76,2025-04-1609:39:33
19.76,2025-04-1609:50:24
18.76,2025-04-1610:42:30
18.76,2025-04-1610:53:25
17.76,2025-04-1611:26:28
17.76,2025-04-1611:41:04
17.76,2025-04-1611:51:53
15.76,2025-04-1613:34:31
15.76,2025-04-1613:50:22
15.76,2025-04-1614:39:00
15.76,2025-04-1614:50:08
14.76,2025-04-1615:38:07
14.76,2025-04-1615:50:16
15.76,2025-04-1616:48:57
15.76,2025-04-1617:00:31
15.76,2025-04-1617:35:25
15.76,2025-04-1617:46:40
15.76,2025-04-1617:57:25
13.76,2025-04-1618:49:24
13.76,2025-04-1619:00:21
13.81,2025-04-1619:24:45
13.76,2025-04-1619:39:48
13.76,2025-04-1619:50:57
14.76,2025-04-1620:36:30
14.76,2025-04-1620:48:59
14.76,2025-04-1620:59:50
12.76,2025-04-1621:31:42
12.76,2025-04-1621:43:10
12.76,2025-04-1621:54:31
15.76,2025-04-1622:38:36
15.76,2025-04-1622:49:42
17.76,2025-04-1623:28:03
17.76,2025-04-1623:44:40
17.76,2025-04-1623:55:45
20.76,2025-04-1703:12:06
22.76,2025-04-1703:54:10
22.76,2025-04-1704:42:30
22.76,2025-04-1704:54:12
22.76,2025-04-1705:38:00
22.76,2025-04-1705:48:50
22.76,2025-04-1705:59:46
23.76,2025-04-1706:49:44
21.76,2025-04-1707:31:34
21.76,2025-04-1707:45:55
21.76,2025-04-1707:56:41
19.76,2025-04-1708:47:51
19.76,2025-04-1708:58:57
18.76,2025-04-1709:37:07
18.76,2025-04-1709:48:12
18.76,2025-04-1709:59:03
17.76,2025-04-1710:42:59
17.76,2025-04-1710:53:49
18.76,2025-04-1711:26:30
18.76,2025-04-1711:41:26
18.76,2025-04-1711:52:17
16.76,2025-04-1713:18:27
16.76,2025-04-1713:46:15
16.76,2025-04-1713:57:26
15.76,2025-04-1714:39:33
15.76,2025-04-1714:50:42
14.76,2025-04-1715:34:06
14.76,2025-04-1715:46:22
14.76,2025-04-1715:57:40
16.76,2025-04-1716:49:09
16.76,2025-04-1716:59:55
16.76,2025-04-1717:36:54
16.76,2025-04-1717:48:12
16.76,2025-04-1717:59:10
15.76,2025-04-1718:48:35
15.76,2025-04-1718:59:44
15.76,2025-04-1719:24:38
15.76,2025-04-1719:40:07
14.76,2025-04-1719:51:02
14.76,2025-04-1720:33:31
14.76,2025-04-1720:47:01
14.76,2025-04-1720:58:11
14.76,2025-04-1721:30:04
14.76,2025-04-1721:43:04
14.76,2025-04-1721:53:55
15.76,2025-04-1722:36:14
15.76,2025-04-1722:47:14
15.76,2025-04-1722:58:13
13.76,2025-04-1723:31:28
13.76,2025-04-1723:43:07
13.76,2025-04-1723:54:13
18.76,2025-04-1803:08:52
18.76,2025-04-1803:52:04
20.76,2025-04-1804:41:38
20.76,2025-04-1804:54:03
21.76,2025-04-1805:37:33
21.76,2025-04-1805:48:57
21.76,2025-04-1805:59:55
22.76,2025-04-1806:49:22
22.76,2025-04-1807:00:12
22.76,2025-04-1807:32:21
22.76,2025-04-1807:43:22
22.76,2025-04-1807:54:28
21.76,2025-04-1808:43:36
21.76,2025-04-1808:55:20
20.76,2025-04-1809:35:40
20.76,2025-04-1809:46:26
20.76,2025-04-1809:57:20
16.76,2025-04-1810:43:29
16.76,2025-04-1810:54:36
14.76,2025-04-1811:25:31
14.76,2025-04-1811:41:38
14.76,2025-04-1811:52:31
13.76,2025-04-1813:15:33
13.76,2025-04-1813:42:49
13.76,2025-04-1813:53:56
12.76,2025-04-1814:36:50
12.76,2025-04-1814:48:08
12.76,2025-04-1814:58:56
14.76,2025-04-1815:35:09
14.76,2025-04-1815:46:14
14.76,2025-04-1815:57:05
14.76,2025-04-1816:43:32
14.76,2025-04-1816:55:19
15.76,2025-04-1817:32:29
15.76,2025-04-1817:43:39
15.76,2025-04-1817:54:28
15.76,2025-04-1818:45:01
15.76,2025-04-1818:56:02
14.76,2025-04-1819:23:50
14.76,2025-04-1819:39:10
14.76,2025-04-1819:50:00
14.76,2025-04-1820:32:02
14.76,2025-04-1820:45:21
14.76,2025-04-1820:56:24
14.76,2025-04-1821:30:23
14.76,2025-04-1821:41:50
14.76,2025-04-1821:53:03
15.76,2025-04-1822:37:58
15.76,2025-04-1822:49:17
15.76,2025-04-1823:00:05
16.76,2025-04-1823:31:19
16.76,2025-04-1823:42:40
16.76,2025-04-1823:54:03
18.76,2025-04-1903:04:13
17.76,2025-04-1903:49:00
17.76,2025-04-1903:59:48
18.76,2025-04-1904:40:17
18.76,2025-04-1904:51:18
12.76,2025-04-1905:36:26
12.76,2025-04-1905:47:21
12.76,2025-04-1905:58:39
14.76,2025-04-1906:45:53
14.76,2025-04-1906:56:49
13.76,2025-04-1907:26:26
13.76,2025-04-1907:39:00
13.76,2025-04-1907:50:02
11.76,2025-04-1908:37:38
11.76,2025-04-1908:50:13
10.76,2025-04-1909:29:15
10.76,2025-04-1909:40:36
10.76,2025-04-1909:51:52
10.76,2025-04-1910:36:45
10.76,2025-04-1910:47:47
10.76,2025-04-1910:58:32
10.76,2025-04-1911:24:39
10.76,2025-04-1911:38:45
10.76,2025-04-1911:49:50
11.76,2025-04-1913:02:00
11.76,2025-04-1913:36:58
11.76,2025-04-1913:48:02
11.76,2025-04-1913:59:04
11.76,2025-04-1914:34:14
11.76,2025-04-1914:45:10
11.76,2025-04-1914:56:14
9.76,2025-04-1915:30:42
9.76,2025-04-1915:41:48
9.76,2025-04-1915:52:55
9.76,2025-04-1916:40:42
9.76,2025-04-1916:51:50
8.76,2025-04-1917:31:11
8.76,2025-04-1917:42:03
8.76,2025-04-1917:53:06
9.76,2025-04-1918:40:13
9.76,2025-04-1918:51:08
9.76,2025-04-1919:22:30
9.76,2025-04-1919:36:37
9.76,2025-04-1919:47:59
9.76,2025-04-1919:59:04
8.76,2025-04-1920:33:06
8.76,2025-04-1920:44:30
8.76,2025-04-1920:55:16
8.76,2025-04-1921:28:29
8.76,2025-04-1921:39:51
8.76,2025-04-1921:50:56
8.76,2025-04-1922:33:20
8.76,2025-04-1922:44:24
8.76,2025-04-1922:55:21
9.76,2025-04-1923:31:03
9.76,2025-04-1923:42:22
9.76,2025-04-1923:53:33
18.76,2025-04-2003:14:57
18.76,2025-04-2003:55:38
20.76,2025-04-2004:39:23
20.76,2025-04-2004:51:47
21.76,2025-04-2005:35:41
21.76,2025-04-2005:46:26
21.76,2025-04-2005:57:21
22.76,2025-04-2006:45:51
22.76,2025-04-2006:56:33
22.76,2025-04-2007:29:56
22.76,2025-04-2007:41:02
22.76,2025-04-2007:52:18
22.76,2025-04-2008:37:28
22.76,2025-04-2008:49:19
22.76,2025-04-2009:00:11
19.76,2025-04-2009:30:15
19.76,2025-04-2009:42:57
19.76,2025-04-2009:53:58
17.76,2025-04-2010:39:21
17.76,2025-04-2010:50:37
19.22,2025-04-2011:23:41
16.76,2025-04-2011:38:33
16.76,2025-04-2011:49:33
14.76,2025-04-2013:05:03
13.76,2025-04-2013:40:33
13.76,2025-04-2013:51:36
12.76,2025-04-2014:33:13
12.76,2025-04-2014:44:56
12.76,2025-04-2014:55:44
12.76,2025-04-2015:30:42
12.76,2025-04-2015:44:07
12.76,2025-04-2015:55:30
11.76,2025-04-2016:41:18
11.76,2025-04-2016:52:32
11.76,2025-04-2017:31:36
11.76,2025-04-2017:44:00
11.76,2025-04-2017:55:11
10.76,2025-04-2018:44:49
10.76,2025-04-2018:55:58
11.76,2025-04-2019:23:52
11.76,2025-04-2019:38:36
11.76,2025-04-2019:49:28
10.76,2025-04-2020:31:16
10.76,2025-04-2020:44:34
10.76,2025-04-2020:55:34
10.76,2025-04-2021:27:54
10.76,2025-04-2021:41:35
10.76,2025-04-2021:52:37
13.76,2025-04-2022:37:06
13.76,2025-04-2022:48:23
13.76,2025-04-2022:59:15
17.76,2025-04-2023:29:29
17.76,2025-04-2023:41:41
17.76,2025-04-2023:52:36
22.76,2025-04-2103:27:59
22.76,2025-04-2104:00:12
24.76,2025-04-2104:43:54
24.76,2025-04-2104:54:51
25.76,2025-04-2105:42:09
25.76,2025-04-2105:53:15
24.76,2025-04-2106:51:04
25.76,2025-04-2107:30:27
25.76,2025-04-2107:42:10
25.76,2025-04-2107:53:05
24.76,2025-04-2108:47:19
24.76,2025-04-2108:58:14
22.76,2025-04-2109:35:39
22.76,2025-04-2109:46:53
22.76,2025-04-2109:57:42
21.76,2025-04-2110:45:35
21.76,2025-04-2110:56:31
20.76,2025-04-2111:27:06
20.76,2025-04-2111:40:43
20.76,2025-04-2111:51:47
17.76,2025-04-2113:16:54
17.76,2025-04-2113:44:40
17.76,2025-04-2113:55:35
17.76,2025-04-2114:38:00
17.76,2025-04-2114:49:17
17.76,2025-04-2115:00:07
17.76,2025-04-2115:37:28
17.76,2025-04-2115:48:46
17.76,2025-04-2115:59:38
17.76,2025-04-2116:48:42
17.76,2025-04-2116:59:26
17.76,2025-04-2117:37:07
17.76,2025-04-2117:48:12
17.76,2025-04-2117:59:18
17.76,2025-04-2118:49:08
17.76,2025-04-2118:59:51
17.76,2025-04-2119:27:12
17.76,2025-04-2119:39:28
17.76,2025-04-2119:50:37
16.76,2025-04-2120:33:31
16.76,2025-04-2120:45:30
16.76,2025-04-2120:56:22
16.76,2025-04-2121:30:18
16.76,2025-04-2121:43:45
16.76,2025-04-2121:55:04
16.76,2025-04-2122:37:42
16.76,2025-04-2122:48:43
16.76,2025-04-2122:59:30
17.76,2025-04-2123:30:32
17.76,2025-04-2123:44:13
17.76,2025-04-2123:55:05
17.06,2025-04-2203:11:47
15.76,2025-04-2203:55:46
15.76,2025-04-2204:44:32
15.76,2025-04-2204:55:50
15.76,2025-04-2205:38:43
15.76,2025-04-2205:49:57
16.76,2025-04-2206:47:56
16.76,2025-04-2206:59:00
16.76,2025-04-2207:32:05
16.76,2025-04-2207:43:01
16.76,2025-04-2207:53:58
16.76,2025-04-2208:47:28
16.76,2025-04-2208:58:30
16.76,2025-04-2209:37:00
16.76,2025-04-2209:48:00
16.76,2025-04-2209:58:59
16.76,2025-04-2210:42:38
16.76,2025-04-2210:53:51
16.76,2025-04-2211:28:30
16.76,2025-04-2211:41:18
16.76,2025-04-2211:52:19
14.76,2025-04-2213:34:33
14.76,2025-04-2213:51:11
14.76,2025-04-2214:40:31
14.76,2025-04-2214:51:42
13.76,2025-04-2215:36:12
13.76,2025-04-2215:48:28
13.76,2025-04-2215:59:37
12.76,2025-04-2216:48:32
12.76,2025-04-2216:59:17
10.76,2025-04-2217:37:26
10.76,2025-04-2217:48:30
10.76,2025-04-2217:59:32
9.76,2025-04-2218:49:30
13.82,2025-04-2219:24:18
9.76,2025-04-2219:40:08
9.76,2025-04-2219:51:12
9.76,2025-04-2220:37:00
9.76,2025-04-2220:49:46
9.76,2025-04-2221:29:28
9.76,2025-04-2221:42:01
9.76,2025-04-2221:53:16
11.76,2025-04-2222:38:18
11.76,2025-04-2222:49:27
13.76,2025-04-2223:28:07
13.76,2025-04-2223:43:43
13.76,2025-04-2223:54:36
18.76,2025-04-2303:12:48
19.76,2025-04-2303:53:55
21.76,2025-04-2304:45:13
21.76,2025-04-2304:56:42
20.76,2025-04-2305:38:51
20.76,2025-04-2305:49:48
20.76,2025-04-2306:48:30
20.76,2025-04-2306:59:17
21.76,2025-04-2307:37:21
21.76,2025-04-2307:48:21
21.76,2025-04-2307:59:25
20.76,2025-04-2308:50:20
19.76,2025-04-2309:35:05
19.76,2025-04-2309:46:49
19.76,2025-04-2309:58:08
16.76,2025-04-2310:45:35
16.76,2025-04-2310:56:19
14.76,2025-04-2311:28:37
14.76,2025-04-2311:40:43
14.76,2025-04-2311:51:44
11.76,2025-04-2313:35:25
11.76,2025-04-2313:51:19
11.76,2025-04-2314:42:22
11.76,2025-04-2314:53:43
11.76,2025-04-2315:38:53
11.76,2025-04-2315:51:25
10.76,2025-04-2316:50:43
9.76,2025-04-2317:35:42
9.76,2025-04-2317:47:21
9.76,2025-04-2317:58:10
9.76,2025-04-2318:52:17
9.76,2025-04-2319:24:28
9.76,2025-04-2319:40:39
9.76,2025-04-2319:51:55
9.76,2025-04-2320:36:00
9.76,2025-04-2320:48:36
9.76,2025-04-2320:59:27
8.76,2025-04-2321:31:55
8.76,2025-04-2321:44:43
8.76,2025-04-2321:55:30
10.76,2025-04-2322:39:15
10.76,2025-04-2322:50:22
12.76,2025-04-2323:29:50
12.76,2025-04-2323:43:24
12.76,2025-04-2323:54:17
17.76,2025-04-2403:14:47
17.76,2025-04-2403:55:28
17.76,2025-04-2404:42:20
17.76,2025-04-2404:53:52
17.76,2025-04-2405:39:04
17.76,2025-04-2405:50:10
18.76,2025-04-2406:49:38
17.76,2025-04-2407:31:28
17.76,2025-04-2407:42:59
17.76,2025-04-2407:53:44
16.76,2025-04-2408:48:35
16.76,2025-04-2408:59:23
15.76,2025-04-2409:38:10
15.76,2025-04-2409:49:09
15.76,2025-04-2410:00:09
13.76,2025-04-2410:44:55
13.76,2025-04-2410:55:46
12.76,2025-04-2411:28:23
12.76,2025-04-2411:41:23
12.76,2025-04-2411:52:36
10.76,2025-04-2413:36:36
10.76,2025-04-2413:52:12
9.76,2025-04-2414:40:26
9.76,2025-04-2414:52:00
9.76,2025-04-2415:38:49
9.76,2025-04-2415:50:27
8.76,2025-04-2416:48:07
8.76,2025-04-2416:58:53
7.76,2025-04-2417:32:07
7.76,2025-04-2417:44:06
7.76,2025-04-2417:54:50
8.76,2025-04-2418:48:57
8.76,2025-04-2418:59:44
7.76,2025-04-2419:26:45
7.76,2025-04-2419:41:10
7.76,2025-04-2419:51:57
6.76,2025-04-2420:35:50
6.76,2025-04-2420:50:42
7.76,2025-04-2421:32:05
7.76,2025-04-2421:44:45
7.76,2025-04-2421:55:35
9.76,2025-04-2422:40:01
9.76,2025-04-2422:51:10
11.76,2025-04-2423:28:54
11.76,2025-04-2423:44:40
11.76,2025-04-2423:55:34
16.76,2025-04-2503:14:20
16.76,2025-04-2503:54:25
16.76,2025-04-2504:43:02
16.76,2025-04-2504:54:47
16.76,2025-04-2505:38:01
16.76,2025-04-2505:49:02
16.76,2025-04-2506:00:05
16.76,2025-04-2506:50:35
16.76,2025-04-2507:29:23
16.76,2025-04-2507:41:53
16.76,2025-04-2507:52:56
15.76,2025-04-2508:46:35
15.76,2025-04-2508:58:37
14.76,2025-04-2509:36:06
14.76,2025-04-2509:47:29
14.76,2025-04-2509:58:12
12.76,2025-04-2510:42:11
12.76,2025-04-2510:52:57
11.76,2025-04-2511:26:51
11.76,2025-04-2511:40:32
11.76,2025-04-2511:51:24
10.76,2025-04-2513:18:37
10.76,2025-04-2513:46:31
10.76,2025-04-2513:57:35
7.76,2025-04-2514:39:43
7.76,2025-04-2514:50:35
8.76,2025-04-2515:33:23
8.76,2025-04-2515:46:40
8.76,2025-04-2515:57:41
7.76,2025-04-2516:49:21
7.76,2025-04-2517:00:11
5.76,2025-04-2517:34:54
5.76,2025-04-2517:45:41
5.76,2025-04-2517:56:55
6.76,2025-04-2518:48:01
6.76,2025-04-2518:58:49
5.76,2025-04-2519:25:28
5.76,2025-04-2519:39:33
5.76,2025-04-2519:50:47
4.76,2025-04-2520:33:41
4.76,2025-04-2520:49:05
4.76,2025-04-2521:00:00
5.76,2025-04-2521:31:32
5.76,2025-04-2521:44:33
5.76,2025-04-2521:55:19
8.76,2025-04-2522:39:45
8.76,2025-04-2522:51:50
11.76,2025-04-2523:28:54
11.76,2025-04-2523:42:23
11.76,2025-04-2523:53:14
17.76,2025-04-2603:08:11
17.76,2025-04-2603:52:33
17.76,2025-04-2604:40:04
17.76,2025-04-2604:51:17
17.76,2025-04-2605:36:20
17.76,2025-04-2605:47:23
17.76,2025-04-2605:58:22
16.76,2025-04-2606:45:05
16.76,2025-04-2606:55:57
16.76,2025-04-2607:27:26
16.76,2025-04-2607:39:51
16.76,2025-04-2607:50:53
16.76,2025-04-2608:38:26
16.76,2025-04-2608:50:52
14.76,2025-04-2609:29:35
14.76,2025-04-2609:41:04
14.76,2025-04-2609:52:17
13.76,2025-04-2610:37:09
13.76,2025-04-2610:48:31
13.76,2025-04-2610:59:15
13.76,2025-04-2611:24:30
13.76,2025-04-2611:39:56
13.76,2025-04-2611:51:25
13.76,2025-04-2613:03:40
12.76,2025-04-2613:38:35
12.76,2025-04-2613:49:29
12.76,2025-04-2614:00:22
11.76,2025-04-2614:33:49
11.76,2025-04-2614:44:45
11.76,2025-04-2614:55:56
8.76,2025-04-2615:31:11
8.76,2025-04-2615:42:13
8.76,2025-04-2615:53:30
7.76,2025-04-2616:40:19
7.76,2025-04-2616:51:21
8.76,2025-04-2617:28:35
8.76,2025-04-2617:39:58
8.76,2025-04-2617:50:52
7.76,2025-04-2618:40:30
7.76,2025-04-2618:51:36
7.76,2025-04-2619:23:47
7.76,2025-04-2619:37:59
7.76,2025-04-2619:48:58
7.76,2025-04-2620:00:04
8.76,2025-04-2620:31:46
8.76,2025-04-2620:43:15
8.76,2025-04-2620:54:28
8.76,2025-04-2621:27:23
8.76,2025-04-2621:39:32
8.76,2025-04-2621:50:16
11.76,2025-04-2622:33:15
11.76,2025-04-2622:45:14
11.76,2025-04-2622:56:25
14.76,2025-04-2623:30:01
14.76,2025-04-2623:41:29
14.76,2025-04-2623:52:39
20.63,2025-04-2703:15:06
17.76,2025-04-2703:55:42
17.76,2025-04-2704:39:24
17.76,2025-04-2704:50:30
18.76,2025-04-2705:34:03
18.76,2025-04-2705:45:17
18.76,2025-04-2705:56:16
17.76,2025-04-2706:45:25
17.76,2025-04-2706:56:15
16.76,2025-04-2707:27:15
16.76,2025-04-2707:39:02
16.76,2025-04-2707:49:57
15.76,2025-04-2708:37:52
15.76,2025-04-2708:52:10
15.76,2025-04-2709:29:58
15.76,2025-04-2709:41:41
15.76,2025-04-2709:52:30
14.76,2025-04-2710:37:31
14.76,2025-04-2710:48:38
14.76,2025-04-2710:59:29
13.76,2025-04-2711:25:52
13.76,2025-04-2711:39:39
13.76,2025-04-2711:50:45
11.76,2025-04-2713:04:03
10.76,2025-04-2713:36:35
10.76,2025-04-2713:47:32
10.76,2025-04-2713:58:36
11.76,2025-04-2714:33:02
11.76,2025-04-2714:44:11
11.76,2025-04-2714:54:56
10.76,2025-04-2715:31:12
10.76,2025-04-2715:42:39
10.76,2025-04-2715:54:01
9.76,2025-04-2716:42:33
9.76,2025-04-2716:53:38
10.76,2025-04-2717:31:07
10.76,2025-04-2717:43:38
10.76,2025-04-2717:54:32
10.76,2025-04-2718:42:10
10.76,2025-04-2718:52:58
10.76,2025-04-2719:23:03
10.76,2025-04-2719:38:28
10.76,2025-04-2719:48:23
10.76,2025-04-2719:59:36
7.76,2025-04-2720:33:23
7.76,2025-04-2720:44:32
7.76,2025-04-2720:55:41
7.76,2025-04-2721:27:54
7.76,2025-04-2721:39:43
7.76,2025-04-2721:50:24
10.76,2025-04-2722:33:50
10.76,2025-04-2722:45:04
10.76,2025-04-2722:56:07
12.76,2025-04-2723:32:28
12.76,2025-04-2723:44:01
12.76,2025-04-2723:54:51
18.76,2025-04-2803:29:03
18.76,2025-04-2803:59:55
18.76,2025-04-2804:46:37
18.76,2025-04-2804:57:27
19.76,2025-04-2805:56:37
19.76,2025-04-2807:00:14
16.76,2025-04-2811:13:16
14.76,2025-04-2811:46:55
14.76,2025-04-2811:57:54
11.76,2025-04-2813:50:36
11.76,2025-04-2814:47:36
11.76,2025-04-2814:58:33
9.76,2025-04-2815:38:53
9.76,2025-04-2815:50:15
10.76,2025-04-2816:44:02
10.76,2025-04-2816:55:57
7.76,2025-04-2817:33:53
7.76,2025-04-2817:44:45
7.76,2025-04-2817:55:40
6.76,2025-04-2818:48:59
6.76,2025-04-2818:59:53
7.76,2025-04-2819:25:49
7.76,2025-04-2819:39:39
7.76,2025-04-2819:50:40
5.76,2025-04-2820:31:35
5.76,2025-04-2820:45:00
5.76,2025-04-2820:55:50
6.76,2025-04-2821:30:30
6.76,2025-04-2821:41:33
6.76,2025-04-2821:52:52
8.76,2025-04-2822:37:57
8.76,2025-04-2822:49:04
8.76,2025-04-2823:00:06
12.76,2025-04-2823:31:04
12.76,2025-04-2823:43:40
12.76,2025-04-2823:54:52
19.2,2025-04-2903:14:34
18.76,2025-04-2903:55:36
19.76,2025-04-2904:40:39
19.76,2025-04-2904:52:34
19.76,2025-04-2905:38:17
19.76,2025-04-2905:49:18
19.76,2025-04-2906:00:08
19.76,2025-04-2906:51:30
19.76,2025-04-2907:31:48
19.76,2025-04-2907:43:59
19.76,2025-04-2907:55:06
18.76,2025-04-2908:50:49
16.76,2025-04-2909:38:34
16.76,2025-04-2909:50:36
14.76,2025-04-2910:44:12
14.76,2025-04-2910:54:59
13.76,2025-04-2911:27:51
13.76,2025-04-2911:42:33
13.76,2025-04-2911:53:58
9.76,2025-04-2913:44:25
9.76,2025-04-2913:56:51
10.76,2025-04-2914:43:15
10.76,2025-04-2914:54:24
11.76,2025-04-2915:38:24
11.76,2025-04-2915:50:28
8.76,2025-04-2916:46:07
8.76,2025-04-2916:58:02
9.76,2025-04-2917:36:53
9.76,2025-04-2917:48:00
9.76,2025-04-2917:58:49
10.76,2025-04-2918:48:25
10.76,2025-04-2918:59:17
8.76,2025-04-2919:26:44
8.76,2025-04-2919:39:58
8.76,2025-04-2919:51:09
8.76,2025-04-2920:36:39
8.76,2025-04-2920:52:25
7.76,2025-04-2921:29:51
7.76,2025-04-2921:42:22
7.76,2025-04-2921:53:42
12.76,2025-04-2922:38:02
12.76,2025-04-2922:49:08
12.76,2025-04-2922:59:58
15.76,2025-04-2923:30:47
15.76,2025-04-2923:43:25
15.76,2025-04-2923:54:43
23.11,2025-04-3003:14:33
22.76,2025-04-3003:55:04
24.76,2025-04-3004:44:44
24.76,2025-04-3004:57:47
24.76,2025-04-3005:39:30
24.76,2025-04-3005:50:17
24.76,2025-04-3006:52:29
24.76,2025-04-3007:13:46
24.76,2025-04-3007:30:38
24.76,2025-04-3007:42:32
24.76,2025-04-3007:53:36
23.76,2025-04-3008:22:39
23.76,2025-04-3008:45:12
23.76,2025-04-3008:56:57
24.66,2025-04-3009:26:23
22.76,2025-04-3009:42:34
22.76,2025-04-3009:53:29
22.32,2025-04-3010:17:34
20.76,2025-04-3010:40:44
20.76,2025-04-3010:51:52
19.58,2025-04-3011:10:45
19.76,2025-04-3011:27:11
19.76,2025-04-3011:39:43
19.76,2025-04-3011:50:57
17.76,2025-04-3012:19:51
17.76,2025-04-3013:00:16
17.76,2025-04-3013:34:24
17.76,2025-04-3013:48:48
17.76,2025-04-3013:59:48
16.76,2025-04-3014:27:44
16.76,2025-04-3014:45:27
16.76,2025-04-3014:56:20
16.76,2025-04-3015:24:46
16.76,2025-04-3015:41:22
16.76,2025-04-3015:52:26
16.76,2025-04-3016:17:24
14.76,2025-04-3016:43:32
14.76,2025-04-3016:56:38
12.76,2025-04-3017:20:33
12.76,2025-04-3017:37:12
12.76,2025-04-3017:48:22
12.76,2025-04-3018:00:37
11.76,2025-04-3018:35:49
11.76,2025-04-3018:52:19
11.76,2025-04-3019:10:57
15.76,2025-04-3019:24:21
15.76,2025-04-3019:37:19
15.76,2025-04-3019:48:25
15.76,2025-04-3019:59:23
14.76,2025-04-3020:28:38
14.76,2025-04-3020:43:37
14.76,2025-04-3020:54:32
13.76,2025-04-3021:17:10
13.76,2025-04-3021:33:41
13.76,2025-04-3021:44:31
13.76,2025-04-3021:55:41
16.76,2025-04-3022:20:09
16.76,2025-04-3022:38:43
16.76,2025-04-3022:49:49
16.76,2025-04-3023:08:38
16.76,2025-04-3023:28:09
16.76,2025-04-3023:42:11
16.76,2025-04-3023:53:15
12.76,2025-05-0101:22:34
12.76,2025-05-0103:01:09
13.76,2025-05-0103:50:18
13.76,2025-05-0104:15:18
13.76,2025-05-0104:42:12
13.76,2025-05-0104:55:02
14.76,2025-05-0105:20:10
14.76,2025-05-0105:39:24
14.76,2025-05-0105:50:15
14.76,2025-05-0106:14:34
13.76,2025-05-0106:44:22
13.76,2025-05-0106:56:13
13.76,2025-05-0107:22:30
13.76,2025-05-0107:36:15
13.76,2025-05-0107:47:37
13.76,2025-05-0107:58:35
13.76,2025-05-0108:32:51
13.76,2025-05-0108:50:53
13.76,2025-05-0109:11:31
13.76,2025-05-0109:32:09
13.76,2025-05-0109:44:57
13.76,2025-05-0109:56:04
12.76,2025-05-0110:24:20
12.76,2025-05-0110:43:59
12.76,2025-05-0110:55:01
12.76,2025-05-0111:16:19
12.76,2025-05-0111:29:11
12.76,2025-05-0111:40:46
12.76,2025-05-0111:52:10
11.76,2025-05-0112:25:41
11.76,2025-05-0113:03:04
11.76,2025-05-0113:34:14
11.76,2025-05-0113:47:32
11.76,2025-05-0113:58:36
10.08,2025-05-0114:24:57
11.76,2025-05-0114:41:20
11.76,2025-05-0114:52:13
11.76,2025-05-0115:13:44
9.76,2025-05-0115:32:58
9.76,2025-05-0115:45:57
9.76,2025-05-0115:56:59
9.76,2025-05-0116:30:41
9.76,2025-05-0116:49:35
9.76,2025-05-0117:07:16
9.76,2025-05-0117:29:59
9.76,2025-05-0117:43:10
9.76,2025-05-0117:54:17
8.76,2025-05-0118:25:36
8.76,2025-05-0118:48:27
8.76,2025-05-0118:59:15
9.81,2025-05-0119:20:40
8.76,2025-05-0119:32:21
8.76,2025-05-0119:43:34
8.76,2025-05-0119:54:35
6.76,2025-05-0120:18:56
6.76,2025-05-0120:36:01
6.76,2025-05-0120:47:32
6.76,2025-05-0120:58:39
9.96,2025-05-0121:23:00
7.76,2025-05-0121:36:12
7.76,2025-05-0121:47:29
7.76,2025-05-0121:58:34
9.76,2025-05-0122:25:48
9.76,2025-05-0122:42:36
9.76,2025-05-0122:53:41
9.76,2025-05-0123:16:07
11.76,2025-05-0123:31:32
11.76,2025-05-0123:43:33
11.76,2025-05-0123:54:26
14.76,2025-05-0201:27:05
16.76,2025-05-0202:56:22
16.76,2025-05-0203:41:01
16.76,2025-05-0203:58:22
16.76,2025-05-0204:30:05
16.76,2025-05-0204:47:46
16.76,2025-05-0204:58:45
16.76,2025-05-0205:26:33
16.76,2025-05-0205:43:19
16.76,2025-05-0205:54:34
17.76,2025-05-0206:27:13
17.76,2025-05-0206:49:42
17.76,2025-05-0207:08:50
17.76,2025-05-0207:28:39
17.76,2025-05-0207:41:19
17.76,2025-05-0207:52:11
17.45,2025-05-0208:18:14
15.76,2025-05-0208:41:59
15.76,2025-05-0208:55:25
14.76,2025-05-0209:22:00
14.76,2025-05-0209:38:11
14.76,2025-05-0209:49:13
14.76,2025-05-0210:00:07
13.76,2025-05-0210:30:09
13.76,2025-05-0210:46:37
13.76,2025-05-0210:57:38
12.76,2025-05-0211:21:16
12.76,2025-05-0211:33:42
12.76,2025-05-0211:44:31
12.76,2025-05-0211:55:40
12.76,2025-05-0212:41:52
12.76,2025-05-0213:16:41
12.76,2025-05-0213:40:46
12.76,2025-05-0213:51:52
12.76,2025-05-0214:12:39
12.76,2025-05-0214:35:40
12.76,2025-05-0214:48:01
12.76,2025-05-0214:59:19
12.76,2025-05-0215:27:20
12.76,2025-05-0215:42:45
12.76,2025-05-0215:53:57
12.76,2025-05-0216:21:25
12.76,2025-05-0216:44:25
12.76,2025-05-0216:56:18
9.82,2025-05-0217:19:45
10.76,2025-05-0217:37:01
10.76,2025-05-0217:48:10
10.76,2025-05-0217:59:03
10.76,2025-05-0218:35:11
10.76,2025-05-0218:51:11
9.76,2025-05-0219:09:28
9.76,2025-05-0219:25:17
9.76,2025-05-0219:38:05
9.76,2025-05-0219:48:55
9.76,2025-05-0219:59:42
8.76,2025-05-0220:28:35
8.76,2025-05-0220:43:23
8.76,2025-05-0220:54:23
8.76,2025-05-0221:17:06
8.76,2025-05-0221:31:43
8.76,2025-05-0221:43:47
8.76,2025-05-0221:54:34
10.12,2025-05-0222:18:05
8.76,2025-05-0222:38:56
8.76,2025-05-0222:50:33
8.76,2025-05-0223:09:45
9.76,2025-05-0223:28:24
9.76,2025-05-0223:41:44
9.76,2025-05-0223:52:59
9.76,2025-05-0301:12:25
10.76,2025-05-0302:42:44
10.76,2025-05-0303:27:02
10.76,2025-05-0303:52:07
10.76,2025-05-0304:15:27
12.76,2025-05-0304:39:23
12.76,2025-05-0304:51:56
12.76,2025-05-0305:12:54
13.76,2025-05-0305:34:08
13.76,2025-05-0305:45:14
13.76,2025-05-0305:56:13
12.76,2025-05-0306:29:38
12.76,2025-05-0306:47:55
12.76,2025-05-0306:58:58
13.76,2025-05-0307:23:06
13.76,2025-05-0307:36:04
13.76,2025-05-0307:47:07
13.76,2025-05-0307:58:03
13.76,2025-05-0308:30:14
13.76,2025-05-0308:46:31
13.76,2025-05-0308:57:36
12.62,2025-05-0309:24:13
12.76,2025-05-0309:37:57
12.76,2025-05-0309:49:00
12.76,2025-05-0309:59:54
11.76,2025-05-0310:27:30
11.76,2025-05-0310:43:11
11.76,2025-05-0310:54:13
11.76,2025-05-0311:14:01
10.76,2025-05-0311:27:37
10.76,2025-05-0311:39:33
10.76,2025-05-0311:50:29
10.76,2025-05-0312:16:56
10.76,2025-05-0312:55:32
9.76,2025-05-0313:25:46
9.76,2025-05-0313:40:43
9.76,2025-05-0313:51:48
9.76,2025-05-0314:11:13
9.76,2025-05-0314:31:33
9.76,2025-05-0314:43:46
9.76,2025-05-0314:54:35
10.04,2025-05-0315:17:50
9.76,2025-05-0315:32:53
9.76,2025-05-0315:43:58
9.76,2025-05-0315:55:02
8.76,2025-05-0316:22:51
8.76,2025-05-0316:42:43
8.76,2025-05-0316:53:48
9.54,2025-05-0317:13:32
6.76,2025-05-0317:30:47
6.76,2025-05-0317:41:50
6.76,2025-05-0317:52:43
9.51,2025-05-0318:18:35
5.76,2025-05-0318:41:05
5.76,2025-05-0318:52:10
5.76,2025-05-0319:09:53
9,2025-05-0319:23:50
5.76,2025-05-0319:36:33
5.76,2025-05-0319:47:36
5.76,2025-05-0319:58:34
4.76,2025-05-0320:25:53
4.76,2025-05-0320:40:30
4.76,2025-05-0320:51:24
4.76,2025-05-0321:10:05
4.76,2025-05-0321:27:34
4.76,2025-05-0321:39:54
4.76,2025-05-0321:50:56
4.76,2025-05-0322:09:55
9.76,2025-05-0322:32:01
9.76,2025-05-0322:44:26
9.76,2025-05-0322:55:32
12.43,2025-05-0323:19:04
12.76,2025-05-0323:31:28
12.76,2025-05-0323:42:57
12.76,2025-05-0323:53:50
16.76,2025-05-0401:36:54
17.76,2025-05-0403:08:21
18.76,2025-05-0403:51:32
18.67,2025-05-0404:16:05
18.76,2025-05-0404:39:44
18.76,2025-05-0404:51:57
19.76,2025-05-0405:13:01
19.76,2025-05-0405:33:55
19.76,2025-05-0405:45:35
19.76,2025-05-0405:56:30
18.76,2025-05-0406:31:31
18.76,2025-05-0406:49:21
18.76,2025-05-0407:00:09
17.76,2025-05-0407:23:25
17.76,2025-05-0407:35:23
17.76,2025-05-0407:46:26
17.76,2025-05-0407:57:26
17.76,2025-05-0408:29:47
17.76,2025-05-0408:45:48
17.76,2025-05-0408:56:55
16.76,2025-05-0409:23:20
16.76,2025-05-0409:37:07
16.76,2025-05-0409:47:56
16.76,2025-05-0409:59:04
14.76,2025-05-0410:26:51
14.76,2025-05-0410:42:55
14.76,2025-05-0410:54:05
14.76,2025-05-0411:13:29
13.76,2025-05-0411:26:57
13.76,2025-05-0411:39:07
13.76,2025-05-0411:50:02
15,2025-05-0412:15:18
11.76,2025-05-0412:55:30
10.76,2025-05-0413:26:18
10.76,2025-05-0413:41:12
10.76,2025-05-0413:52:35
10.76,2025-05-0414:12:06
10.76,2025-05-0414:31:56
10.76,2025-05-0414:43:31
10.76,2025-05-0414:54:22
13.05,2025-05-0415:17:34
6.76,2025-05-0415:32:49
6.76,2025-05-0415:44:25
6.76,2025-05-0415:55:22
6.76,2025-05-0416:24:01
6.76,2025-05-0416:43:15
6.76,2025-05-0416:54:19
7.76,2025-05-0417:14:30
7.76,2025-05-0417:31:28
7.76,2025-05-0417:42:33
7.76,2025-05-0417:53:34
7.76,2025-05-0418:20:55
7.76,2025-05-0418:43:08
7.76,2025-05-0418:54:26
10.81,2025-05-0419:14:52
7.76,2025-05-0419:27:10
7.76,2025-05-0419:39:21
7.76,2025-05-0419:50:22
9.76,2025-05-0420:10:08
9.76,2025-05-0420:30:26
9.76,2025-05-0420:43:35
9.76,2025-05-0420:54:43
10.6,2025-05-0421:16:54
8.76,2025-05-0421:31:30
8.76,2025-05-0421:42:20
8.76,2025-05-0421:53:06
10.76,2025-05-0422:14:13
10.76,2025-05-0422:34:31
10.76,2025-05-0422:45:27
10.76,2025-05-0422:56:15
12.76,2025-05-0423:20:44
12.76,2025-05-0423:34:14
12.76,2025-05-0423:44:56
12.76,2025-05-0423:55:58
14.76,2025-05-0501:53:48
14.76,2025-05-0503:11:09
14.76,2025-05-0503:50:40
14.87,2025-05-0504:14:47
13.76,2025-05-0504:40:40
13.76,2025-05-0504:53:59
13.76,2025-05-0505:18:26
12.76,2025-05-0505:39:28
12.76,2025-05-0505:50:24
14.13,2025-05-0506:15:25
13.76,2025-05-0506:45:25
13.76,2025-05-0506:57:36
13.76,2025-05-0507:25:42
13.76,2025-05-0507:40:14
13.76,2025-05-0507:51:20
13.76,2025-05-0508:17:21
13.76,2025-05-0508:43:40
13.76,2025-05-0508:57:30
12.76,2025-05-0509:28:10
12.76,2025-05-0509:44:57
12.76,2025-05-0509:56:02
12.76,2025-05-0510:25:02
12.76,2025-05-0510:45:26
12.76,2025-05-0510:56:16
11.76,2025-05-0511:19:04
11.76,2025-05-0511:30:29
11.76,2025-05-0511:42:01
11.76,2025-05-0511:53:19
12.76,2025-05-0512:33:05
12.76,2025-05-0513:08:21
11.76,2025-05-0513:39:21
11.76,2025-05-0513:51:27
10.76,2025-05-0514:12:28
10.76,2025-05-0514:39:06
10.76,2025-05-0514:51:52
8.76,2025-05-0515:13:49
8.76,2025-05-0515:34:34
8.76,2025-05-0515:46:57
8.76,2025-05-0515:57:59
7.76,2025-05-0516:33:06
7.76,2025-05-0516:51:40
10.68,2025-05-0517:11:18
6.76,2025-05-0517:32:10
6.76,2025-05-0517:44:09
6.76,2025-05-0517:55:24
6.76,2025-05-0518:26:14
6.76,2025-05-0518:46:59
6.76,2025-05-0518:58:02
10.47,2025-05-0519:19:43
6.76,2025-05-0519:30:44
6.76,2025-05-0519:41:40
6.76,2025-05-0519:52:52
6.76,2025-05-0520:16:55
6.76,2025-05-0520:36:18
6.76,2025-05-0520:49:20
6.76,2025-05-0520:59:58
5.76,2025-05-0521:25:42
5.76,2025-05-0521:39:45
5.76,2025-05-0521:51:02
8.76,2025-05-0522:10:57
8.76,2025-05-0522:34:42
8.76,2025-05-0522:47:20
8.76,2025-05-0522:58:26
12.66,2025-05-0523:24:30
11.76,2025-05-0523:39:46
11.76,2025-05-0523:50:41
14.76,2025-05-0600:52:31
17.76,2025-05-0602:36:25
17.76,2025-05-0603:29:19
17.76,2025-05-0603:54:15
20.65,2025-05-0604:21:54
17.76,2025-05-0604:43:06
17.76,2025-05-0604:55:27
17.76,2025-05-0605:21:19
17.76,2025-05-0605:40:00
17.76,2025-05-0605:51:03
18.76,2025-05-0606:16:23
18.76,2025-05-0606:44:44
18.76,2025-05-0606:56:42
18.83,2025-05-0607:23:58
18.76,2025-05-0607:38:58
18.76,2025-05-0607:50:03
18.76,2025-05-0608:13:39
17.76,2025-05-0608:41:57
17.76,2025-05-0608:56:38
16.76,2025-05-0609:26:07
16.76,2025-05-0609:42:55
16.76,2025-05-0609:54:10
14.76,2025-05-0610:19:40
14.76,2025-05-0610:41:56
14.76,2025-05-0610:53:11
14.76,2025-05-0611:13:18
13.76,2025-05-0611:28:42
13.76,2025-05-0611:40:57
13.76,2025-05-0611:52:04
11.76,2025-05-0612:28:28
11.76,2025-05-0613:08:45
10.76,2025-05-0613:42:21
10.76,2025-05-0613:54:26
14.4,2025-05-0614:18:45
11.76,2025-05-0614:41:35
11.76,2025-05-0614:53:23
10.76,2025-05-0615:21:21
10.76,2025-05-0615:43:22
10.76,2025-05-0615:55:51
8.76,2025-05-0616:26:49
8.76,2025-05-0616:48:05
8.76,2025-05-0616:59:25
7.76,2025-05-0617:24:44
7.76,2025-05-0617:40:32
7.76,2025-05-0617:51:43
7.76,2025-05-0618:17:46
7.76,2025-05-0618:43:24
7.76,2025-05-0618:55:28
8.76,2025-05-0619:16:29
8.76,2025-05-0619:27:53
8.76,2025-05-0619:39:57
8.76,2025-05-0619:51:03
12,2025-05-0620:12:41
6.76,2025-05-0620:34:11
6.76,2025-05-0620:47:14
6.76,2025-05-0620:58:16
6.76,2025-05-0621:24:36
6.76,2025-05-0621:38:59
6.76,2025-05-0621:49:53
6.76,2025-05-0622:08:19
11.76,2025-05-0622:32:54
11.76,2025-05-0622:45:47
11.76,2025-05-0622:56:55
13.76,2025-05-0623:22:32
13.76,2025-05-0623:36:47
13.76,2025-05-0623:48:03
13.76,2025-05-0623:58:53
17.76,2025-05-0702:05:23
19.76,2025-05-0703:14:58
19.76,2025-05-0703:49:51
19.76,2025-05-0704:11:48
17.76,2025-05-0704:38:04
17.76,2025-05-0704:52:35
17.76,2025-05-0705:15:15
19.76,2025-05-0705:38:07
19.76,2025-05-0705:49:20
19.76,2025-05-0706:00:12
19.76,2025-05-0706:37:52
19.76,2025-05-0706:54:41
18.76,2025-05-0707:19:12
18.76,2025-05-0707:35:12
18.76,2025-05-0707:46:24
18.76,2025-05-0707:57:31
17.76,2025-05-0708:35:02
17.76,2025-05-0708:54:12
17.82,2025-05-0709:19:50
16.76,2025-05-0709:39:22
16.76,2025-05-0709:50:13
16.76,2025-05-0710:10:44
14.76,2025-05-0710:39:23
14.76,2025-05-0710:52:39
14.76,2025-05-0711:12:55
12.76,2025-05-0711:29:19
12.76,2025-05-0711:41:53
12.76,2025-05-0711:52:46
12.76,2025-05-0712:31:55
11.76,2025-05-0713:17:41
11.76,2025-05-0713:45:39
11.76,2025-05-0713:56:55
10.76,2025-05-0714:25:37
10.76,2025-05-0714:46:23
10.76,2025-05-0714:57:19
8.76,2025-05-0715:28:14
8.76,2025-05-0715:46:18
8.76,2025-05-0715:57:20
8.76,2025-05-0716:33:35
8.76,2025-05-0716:53:33
8.76,2025-05-0717:14:57
9.76,2025-05-0717:35:33
9.76,2025-05-0717:46:57
9.76,2025-05-0717:57:59
8.76,2025-05-0718:34:45
8.76,2025-05-0718:51:56
8.76,2025-05-0719:11:18
8.76,2025-05-0719:27:20
8.76,2025-05-0719:40:03
8.76,2025-05-0719:50:55
8.76,2025-05-0720:12:38
6.76,2025-05-0720:36:56
6.76,2025-05-0720:48:40
6.76,2025-05-0720:59:43
12.12,2025-05-0721:22:52
6.76,2025-05-0721:36:40
6.76,2025-05-0721:47:59
6.76,2025-05-0721:58:59
10.76,2025-05-0722:27:07
10.76,2025-05-0722:44:31
10.76,2025-05-0722:55:35
14.38,2025-05-0723:20:14
14.76,2025-05-0723:36:55
14.76,2025-05-0723:48:01
14.76,2025-05-0723:58:47
18.76,2025-05-0802:06:22
21.76,2025-05-0803:16:12
21.76,2025-05-0803:51:03
23.76,2025-05-0804:15:46
23.76,2025-05-0804:41:01
23.76,2025-05-0804:54:08
23.76,2025-05-0805:18:30
23.76,2025-05-0805:39:26
23.76,2025-05-0805:50:36
24.76,2025-05-0806:15:20
24.76,2025-05-0806:45:16
24.76,2025-05-0806:57:32
23.76,2025-05-0807:25:43
23.76,2025-05-0807:40:32
23.76,2025-05-0807:51:39
20.76,2025-05-0808:17:21
20.76,2025-05-0808:42:59
20.76,2025-05-0808:57:12
18.76,2025-05-0809:27:02
18.76,2025-05-0809:43:00
18.76,2025-05-0809:54:11
16.76,2025-05-0810:20:21
16.76,2025-05-0810:42:23
16.76,2025-05-0810:53:37
16.76,2025-05-0811:14:22
16.76,2025-05-0811:29:47
16.76,2025-05-0811:42:01
16.76,2025-05-0811:53:02
15.76,2025-05-0812:31:23
15.76,2025-05-0813:08:47
15.76,2025-05-0813:38:02
15.76,2025-05-0813:49:17
15.76,2025-05-0814:00:05
15.76,2025-05-0814:27:49
15.76,2025-05-0814:45:41
15.76,2025-05-0814:56:44
15.76,2025-05-0815:27:08
15.76,2025-05-0815:44:31
15.76,2025-05-0815:55:39
17.55,2025-05-0816:28:05
17.36,2025-05-0816:50:53
17.36,2025-05-0817:09:48
17.35,2025-05-0817:31:48
15.76,2025-05-0817:42:47
15.76,2025-05-0817:53:46
14.76,2025-05-0818:24:29
14.76,2025-05-0818:49:04
14.76,2025-05-0819:00:13
17.16,2025-05-0819:22:20
14.76,2025-05-0819:35:10
14.76,2025-05-0819:46:29
14.76,2025-05-0819:57:18
14.76,2025-05-0820:28:22
14.76,2025-05-0820:44:50
14.76,2025-05-0820:55:58
15.75,2025-05-0821:21:00
14.76,2025-05-0821:35:54
14.76,2025-05-0821:46:55
14.76,2025-05-0821:58:00
14.76,2025-05-0822:25:25
14.76,2025-05-0822:42:18
14.76,2025-05-0822:53:23
14.76,2025-05-0823:15:59
14.76,2025-05-0823:33:15
14.76,2025-05-0823:45:24
14.76,2025-05-0823:56:17
14.76,2025-05-0901:54:19
14.53,2025-05-0903:08:58
15.76,2025-05-0903:47:36
15.76,2025-05-0904:01:11
14.76,2025-05-0904:33:06
14.76,2025-05-0904:49:21
14.76,2025-05-0905:00:11
13.76,2025-05-0905:28:08
14.76,2025-05-0905:44:24
14.76,2025-05-0905:55:30
14.76,2025-05-0906:31:01
14.76,2025-05-0906:52:05
14.76,2025-05-0907:13:21
14.76,2025-05-0907:31:09
14.76,2025-05-0907:42:48
14.76,2025-05-0907:53:58
14.76,2025-05-0908:23:49
14.76,2025-05-0908:46:21
14.76,2025-05-0908:57:30
14.76,2025-05-0909:27:35
14.76,2025-05-0909:43:21
14.76,2025-05-0909:54:38
14.76,2025-05-0910:20:08
14.76,2025-05-0910:41:10
14.76,2025-05-0910:52:02
14.76,2025-05-0911:11:04
14.76,2025-05-0911:26:53
14.76,2025-05-0911:40:15
14.76,2025-05-0911:51:30
14.76,2025-05-0912:23:11
14.76,2025-05-0913:03:21
14.76,2025-05-0913:36:13
14.76,2025-05-0913:49:29
14.76,2025-05-0914:00:40
14.76,2025-05-0914:28:39
14.76,2025-05-0914:45:38
14.76,2025-05-0914:56:44
15.76,2025-05-0915:25:27
15.76,2025-05-0915:41:44
15.76,2025-05-0915:52:46
14.76,2025-05-0916:18:23
14.76,2025-05-0916:41:34
14.76,2025-05-0916:54:24
14.76,2025-05-0917:16:07
14.76,2025-05-0917:34:32
14.76,2025-05-0917:45:22
14.76,2025-05-0917:56:22
13.76,2025-05-0918:32:08
13.76,2025-05-0918:50:34
13.76,2025-05-0919:08:06
12.82,2025-05-0919:24:29
11.76,2025-05-0919:36:46
11.76,2025-05-0919:47:56
11.76,2025-05-0919:58:46
11.76,2025-05-0920:28:33
11.76,2025-05-0920:44:02
11.76,2025-05-0920:55:03
12.76,2025-05-0921:18:15
12.76,2025-05-0921:31:58
12.76,2025-05-0921:42:50
12.76,2025-05-0921:53:41
13.04,2025-05-0922:15:49
11.76,2025-05-0922:36:39
11.76,2025-05-0922:47:46
11.76,2025-05-0922:58:59
11.76,2025-05-0923:24:03
11.76,2025-05-0923:37:21
11.76,2025-05-0923:48:39
11.76,2025-05-0923:59:30
11.76,2025-05-1002:00:45
11.76,2025-05-1003:09:19
11.76,2025-05-1003:44:11
11.76,2025-05-1003:57:18
12.76,2025-05-1004:29:25
12.76,2025-05-1004:47:28
12.76,2025-05-1004:58:16
12.76,2025-05-1005:24:51
12.76,2025-05-1005:40:06
12.76,2025-05-1005:51:15
12.78,2025-05-1006:14:57
13.76,2025-05-1006:41:04
13.76,2025-05-1006:52:26
13.76,2025-05-1007:12:26
12.76,2025-05-1007:28:05
12.76,2025-05-1007:39:52
12.76,2025-05-1007:50:52
12.76,2025-05-1008:12:55
11.76,2025-05-1008:36:13
11.76,2025-05-1008:50:07
11.76,2025-05-1009:08:36
12.76,2025-05-1009:28:09
12.76,2025-05-1009:40:52
12.76,2025-05-1009:52:01
12.76,2025-05-1010:12:45
12.76,2025-05-1010:35:57
12.76,2025-05-1010:48:17
12.76,2025-05-1010:59:23
12.76,2025-05-1011:21:26
12.76,2025-05-1011:33:58
12.76,2025-05-1011:44:48
12.76,2025-05-1011:55:54
11.76,2025-05-1012:39:55
11.76,2025-05-1013:10:37
11.76,2025-05-1013:33:20
11.76,2025-05-1013:44:38
11.76,2025-05-1013:55:42
11.76,2025-05-1014:18:08
11.76,2025-05-1014:35:36
11.76,2025-05-1014:46:23
11.76,2025-05-1014:57:16
10.76,2025-05-1015:24:19
10.76,2025-05-1015:38:17
10.76,2025-05-1015:49:36
10.76,2025-05-1016:08:35
10.76,2025-05-1016:36:04
10.76,2025-05-1016:51:43
10.76,2025-05-1017:10:00
10.76,2025-05-1017:28:46
10.76,2025-05-1017:40:21
10.76,2025-05-1017:51:13
12.13,2025-05-1018:13:49
11.76,2025-05-1018:38:44
11.76,2025-05-1018:50:30
11.76,2025-05-1019:07:23
11.91,2025-05-1019:22:38
11.76,2025-05-1019:35:13
11.76,2025-05-1019:46:23
11.76,2025-05-1019:57:10
10.76,2025-05-1020:24:55
10.76,2025-05-1020:39:28
10.76,2025-05-1020:50:29
10.76,2025-05-1021:07:59
11.76,2025-05-1021:26:03
11.76,2025-05-1021:38:18
11.76,2025-05-1021:49:33
12.76,2025-05-1022:06:33
12.76,2025-05-1022:29:50
12.76,2025-05-1022:43:00
12.76,2025-05-1022:53:49
12.5,2025-05-1023:15:10
13.76,2025-05-1023:29:55
13.76,2025-05-1023:41:45
13.76,2025-05-1023:52:51
14.78,2025-05-1101:17:59
15.76,2025-05-1102:54:41
17.76,2025-05-1103:41:48
17.76,2025-05-1104:00:47
18.76,2025-05-1104:32:44
18.76,2025-05-1104:48:23
18.76,2025-05-1104:59:31
19.76,2025-05-1105:26:11
19.76,2025-05-1105:42:37
19.76,2025-05-1105:53:37
18.76,2025-05-1106:22:28
18.76,2025-05-1106:45:07
18.76,2025-05-1106:55:55
18.76,2025-05-1107:19:59
18.76,2025-05-1107:31:57
18.76,2025-05-1107:42:57
18.76,2025-05-1107:53:49
18.76,2025-05-1108:20:44
18.76,2025-05-1108:41:44
18.76,2025-05-1108:55:22
17.76,2025-05-1109:19:34
17.76,2025-05-1109:35:16
17.76,2025-05-1109:46:28
17.76,2025-05-1109:57:19
15.76,2025-05-1110:24:38
15.76,2025-05-1110:40:21
15.76,2025-05-1110:51:28
15.76,2025-05-1111:09:00
13.76,2025-05-1111:24:24
13.76,2025-05-1111:36:54
13.76,2025-05-1111:47:58
13.76,2025-05-1111:58:51
12.76,2025-05-1112:48:39
14.54,2025-05-1113:15:22
12.76,2025-05-1113:36:02
12.76,2025-05-1113:46:50
12.76,2025-05-1113:58:00
11.76,2025-05-1114:23:21
11.76,2025-05-1114:38:52
11.76,2025-05-1114:49:42
11.76,2025-05-1115:06:50
10.76,2025-05-1115:28:18
10.76,2025-05-1115:41:43
10.76,2025-05-1115:53:05
8.76,2025-05-1116:17:27
8.76,2025-05-1116:40:37
8.76,2025-05-1116:52:04
8.76,2025-05-1117:10:27
8.76,2025-05-1117:28:38
8.76,2025-05-1117:40:45
8.76,2025-05-1117:51:48
9.76,2025-05-1118:15:50
9.76,2025-05-1118:40:09
9.76,2025-05-1118:51:35
9.76,2025-05-1119:09:07
11.85,2025-05-1119:23:46
8.76,2025-05-1119:36:16
8.76,2025-05-1119:47:23
8.76,2025-05-1119:58:13
8.76,2025-05-1120:25:49
8.76,2025-05-1120:40:19
8.76,2025-05-1120:51:13
8.76,2025-05-1121:09:49
9.76,2025-05-1121:27:18
9.76,2025-05-1121:39:35
9.76,2025-05-1121:50:32
9.76,2025-05-1122:08:54
11.76,2025-05-1122:31:47
11.76,2025-05-1122:44:13
11.76,2025-05-1122:55:23
14.7,2025-05-1123:18:29
13.76,2025-05-1123:31:25
13.76,2025-05-1123:43:00
13.76,2025-05-1123:53:53
17.76,2025-05-1201:25:48
19.76,2025-05-1203:03:56
21.76,2025-05-1203:50:03
21.76,2025-05-1204:14:02
21.76,2025-05-1204:40:55
21.76,2025-05-1204:53:46
22.76,2025-05-1205:17:50
22.76,2025-05-1205:39:21
22.76,2025-05-1205:50:12
22.76,2025-05-1206:14:44
22.76,2025-05-1206:46:07
22.76,2025-05-1206:58:15
22.76,2025-05-1207:26:04
22.76,2025-05-1207:40:31
22.76,2025-05-1207:51:46
23.66,2025-05-1208:18:40
22.76,2025-05-1208:44:18
22.76,2025-05-1208:57:45
21.76,2025-05-1209:29:23
21.76,2025-05-1209:45:27
21.76,2025-05-1209:56:44
20.92,2025-05-1210:27:46
18.81,2025-05-1210:47:36
18.34,2025-05-1210:58:34
18.34,2025-05-1211:23:01
18.34,2025-05-1211:36:39
16.93,2025-05-1211:47:40
16.93,2025-05-1211:58:45
17.45,2025-05-1212:55:28
17.6,2025-05-1213:33:01
17,2025-05-1213:49:18
17,2025-05-1214:00:09
17,2025-05-1214:30:16
16.55,2025-05-1214:49:07
16.55,2025-05-1215:00:02
16.55,2025-05-1215:31:16
16.12,2025-05-1215:47:18
16.12,2025-05-1215:58:24
16.12,2025-05-1216:34:05
15.78,2025-05-1216:53:11
15.78,2025-05-1217:14:00
15.78,2025-05-1217:33:50
15.43,2025-05-1217:45:27
15.43,2025-05-1217:56:27
15.32,2025-05-1218:33:16
15.32,2025-05-1218:52:16
15.32,2025-05-1219:11:33
15.32,2025-05-1219:26:51
14.83,2025-05-1219:39:19
14.83,2025-05-1219:50:18
14.83,2025-05-1220:11:17
14.83,2025-05-1220:33:47
14.78,2025-05-1220:48:36
14.78,2025-05-1220:59:53
14.78,2025-05-1221:24:59
15.94,2025-05-1221:39:18
15.94,2025-05-1221:50:23
15.94,2025-05-1222:09:42
18.13,2025-05-1222:33:48
18.13,2025-05-1222:47:05
18.13,2025-05-1222:58:15
18.13,2025-05-1223:24:17
18.13,2025-05-1223:38:05
19.99,2025-05-1223:49:03
19.4,2025-05-1300:00:05
23.61,2025-05-1302:07:39
24.95,2025-05-1303:17:19
25.24,2025-05-1303:52:00
25.24,2025-05-1304:17:22
25.24,2025-05-1304:41:27
25.28,2025-05-1304:53:51
25.28,2025-05-1305:17:34
25.15,2025-05-1305:38:55
25.15,2025-05-1305:50:05
25.15,2025-05-1306:14:00
24.63,2025-05-1306:44:41
24.63,2025-05-1306:57:22
24.63,2025-05-1307:25:55
24.63,2025-05-1307:40:44
24.74,2025-05-1307:51:54
24.74,2025-05-1308:18:39
23.67,2025-05-1308:44:01
23.67,2025-05-1308:58:18
23.67,2025-05-1309:28:57
22.66,2025-05-1309:44:49
22.66,2025-05-1309:55:49
22.66,2025-05-1310:24:51
20.21,2025-05-1310:46:18
20.21,2025-05-1310:57:18
20.21,2025-05-1311:21:39
20.21,2025-05-1311:35:42
19.4,2025-05-1311:46:52
19.4,2025-05-1311:57:43
19.09,2025-05-1312:55:14
19.09,2025-05-1313:33:11
18.4,2025-05-1313:51:33
18.4,2025-05-1314:13:12
17.91,2025-05-1314:40:38
17.91,2025-05-1314:54:33
17.91,2025-05-1315:20:13
17.35,2025-05-1315:39:46
17.35,2025-05-1315:51:50
17.35,2025-05-1316:16:30
16.87,2025-05-1316:44:18
16.87,2025-05-1316:57:44
16.87,2025-05-1317:24:15
16.87,2025-05-1317:40:46
16.33,2025-05-1317:51:52
16.33,2025-05-1318:18:39
15.89,2025-05-1318:43:58
15.89,2025-05-1318:56:08
15.89,2025-05-1319:18:48
15.89,2025-05-1319:30:01
15.45,2025-05-1319:40:45
15.45,2025-05-1319:51:46
15.45,2025-05-1320:14:48
15.32,2025-05-1320:36:11
15.32,2025-05-1320:49:15
15.32,2025-05-1321:00:10
15.32,2025-05-1321:25:14
16.56,2025-05-1321:39:23
16.56,2025-05-1321:50:28
16.56,2025-05-1322:09:54
18.71,2025-05-1322:33:57
18.71,2025-05-1322:47:17
18.71,2025-05-1322:58:13
18.71,2025-05-1323:24:34
20.7,2025-05-1323:38:59
20.7,2025-05-1323:49:52
22.54,2025-05-1400:43:02
23.89,2025-05-1402:24:16
24.79,2025-05-1403:28:28
25.21,2025-05-1403:56:10
25.21,2025-05-1404:27:41
25.6,2025-05-1404:46:35
25.6,2025-05-1404:57:42
25.6,2025-05-1405:26:15
25.41,2025-05-1405:43:55
25.41,2025-05-1405:54:43
25.69,2025-05-1406:28:31
25.14,2025-05-1406:51:35
25.14,2025-05-1407:12:46
25.14,2025-05-1407:31:24
24.2,2025-05-1407:43:53
24.2,2025-05-1407:55:00
24.2,2025-05-1408:27:29
22.97,2025-05-1408:50:03
22.97,2025-05-1409:10:15
22.97,2025-05-1409:32:50
21.79,2025-05-1409:46:19
21.79,2025-05-1409:57:19
21.79,2025-05-1410:28:20
20.94,2025-05-1410:47:12
20.94,2025-05-1410:58:16
20.94,2025-05-1411:22:01
20.32,2025-05-1411:35:52
20.32,2025-05-1411:46:43
20.32,2025-05-1411:57:45
19.58,2025-05-1412:53:43
19.58,2025-05-1413:28:55
19.39,2025-05-1413:48:15
19.39,2025-05-1413:59:14
19.39,2025-05-1414:28:56
19.56,2025-05-1414:46:16
19.56,2025-05-1414:57:17
19.56,2025-05-1415:27:48
19.3,2025-05-1415:44:49
19.3,2025-05-1415:55:52
19.3,2025-05-1416:28:11
18.21,2025-05-1416:50:13
18.21,2025-05-1417:09:01
16.82,2025-05-1417:31:57
16.82,2025-05-1417:43:28
16.82,2025-05-1417:54:30
16.82,2025-05-1418:24:49
16.09,2025-05-1418:47:31
16.09,2025-05-1418:58:44
16.09,2025-05-1419:21:12
16.09,2025-05-1419:33:33
16.35,2025-05-1419:44:40
16.35,2025-05-1419:55:37
16.35,2025-05-1420:20:02
16.56,2025-05-1420:32:50
16.56,2025-05-1420:43:55
16.56,2025-05-1420:54:45
16.56,2025-05-1421:15:25
16.56,2025-05-1421:27:34
16.24,2025-05-1421:39:55
16.24,2025-05-1421:51:00
16.24,2025-05-1422:09:02
16.24,2025-05-1422:28:48
16.24,2025-05-1422:40:12
15.96,2025-05-1422:51:26
15.96,2025-05-1423:10:14
15.96,2025-05-1423:29:42
15.68,2025-05-1423:43:56
16.08,2025-05-1423:54:49
15.83,2025-05-1501:38:32
15.88,2025-05-1503:02:38
15.71,2025-05-1503:46:55
15.71,2025-05-1504:00:47
15.71,2025-05-1504:32:46
15.75,2025-05-1504:49:32
15.75,2025-05-1505:09:09
15.75,2025-05-1505:33:26
16.04,2025-05-1505:46:53
16.04,2025-05-1505:57:39
16.43,2025-05-1506:37:13
18.67,2025-05-1506:54:37
18.67,2025-05-1507:19:06
18.53,2025-05-1507:35:03
18.53,2025-05-1507:46:09
18.53,2025-05-1507:57:04
18.01,2025-05-1508:33:28
18.01,2025-05-1508:52:33
18.01,2025-05-1509:16:00
18.01,2025-05-1509:36:29
17.81,2025-05-1509:48:11
17.81,2025-05-1509:59:07
17.81,2025-05-1510:31:29
17.22,2025-05-1510:49:20
17.22,2025-05-1511:00:14
17.22,2025-05-1511:23:03
16.85,2025-05-1511:36:34
16.85,2025-05-1511:47:54
16.85,2025-05-1511:58:56
16.3,2025-05-1512:54:12
16.3,2025-05-1513:28:43
15.93,2025-05-1513:48:01
15.93,2025-05-1513:58:48
15.93,2025-05-1514:28:20
15.78,2025-05-1514:45:14
15.78,2025-05-1514:55:58
15.78,2025-05-1515:22:37
15.89,2025-05-1515:40:02
15.89,2025-05-1515:51:05
15.89,2025-05-1516:14:43
16.22,2025-05-1516:43:51
16.22,2025-05-1516:57:49
16.22,2025-05-1517:23:56
16.32,2025-05-1517:39:41
16.32,2025-05-1517:50:45
16.32,2025-05-1518:14:57
16.45,2025-05-1518:44:17
16.66,2025-05-1518:57:14
16.66,2025-05-1519:20:17
16.66,2025-05-1519:32:11
16.57,2025-05-1519:43:17
16.57,2025-05-1519:54:14
16.57,2025-05-1520:20:36
16.57,2025-05-1520:39:26
16.77,2025-05-1520:51:05
16.77,2025-05-1521:10:45
16.77,2025-05-1521:29:52
17.09,2025-05-1521:42:25
17.09,2025-05-1521:53:36
17.09,2025-05-1522:15:50
17.09,2025-05-1522:37:56
18.09,2025-05-1522:49:12
18.09,2025-05-1523:00:09
18.09,2025-05-1523:25:25
18.69,2025-05-1523:39:56
18.69,2025-05-1523:51:01
20.63,2025-05-1600:56:50
21.13,2025-05-1602:44:35
21.13,2025-05-1603:34:46
21.89,2025-05-1603:59:17
21.89,2025-05-1604:32:55
21.35,2025-05-1604:49:43
21.35,2025-05-1605:09:35
20.71,2025-05-1605:33:47
20.71,2025-05-1605:46:58
20.71,2025-05-1605:57:58
19.97,2025-05-1606:37:08
19.34,2025-05-1606:54:14
19.34,2025-05-1607:18:31
19.34,2025-05-1607:34:27
18.91,2025-05-1607:45:23
18.91,2025-05-1607:56:25
18.91,2025-05-1608:31:41
18.65,2025-05-1608:52:04
18.65,2025-05-1609:14:21
18.65,2025-05-1609:34:37
18.41,2025-05-1609:46:56
18.41,2025-05-1609:58:05
18.41,2025-05-1610:28:57
18.06,2025-05-1610:46:46
18.06,2025-05-1610:57:38
18.06,2025-05-1611:21:25
18.06,2025-05-1611:34:38
17.78,2025-05-1611:45:50
17.78,2025-05-1611:56:55
17.76,2025-05-1612:51:09
17.76,2025-05-1613:24:22
17.61,2025-05-1613:45:29
17.61,2025-05-1613:56:33
17.61,2025-05-1614:23:37
17.51,2025-05-1614:42:56
17.51,2025-05-1614:53:44
17.51,2025-05-1615:16:13
16.79,2025-05-1615:34:57
16.79,2025-05-1615:47:52
16.79,2025-05-1615:58:36
16.79,2025-05-1616:33:10
16.44,2025-05-1616:52:10
16.44,2025-05-1617:11:04
16.44,2025-05-1617:31:23
16.26,2025-05-1617:43:52
16.26,2025-05-1617:55:06
16.59,2025-05-1618:28:21
16.29,2025-05-1618:49:34
16.29,2025-05-1619:00:47
16.29,2025-05-1619:20:52
16.29,2025-05-1619:33:05
16.01,2025-05-1619:44:02
16.01,2025-05-1619:55:07
16.01,2025-05-1620:22:11
16.17,2025-05-1620:39:06
16.17,2025-05-1620:49:52
16.17,2025-05-1621:07:36
16.17,2025-05-1621:27:57
17.34,2025-05-1621:41:04
17.34,2025-05-1621:52:17
17.34,2025-05-1622:12:57
18.54,2025-05-1622:35:01
18.54,2025-05-1622:46:42
18.54,2025-05-1622:57:45
18.54,2025-05-1623:23:54
18.54,2025-05-1623:37:47
19.65,2025-05-1623:48:49
19.65,2025-05-1623:59:38
21.88,2025-05-1702:03:54
22.84,2025-05-1703:13:15
23.05,2025-05-1703:46:35
23.05,2025-05-1703:58:09
23.05,2025-05-1704:30:04
23.26,2025-05-1704:46:11
23.26,2025-05-1704:56:58
23.26,2025-05-1705:23:01
22.48,2025-05-1705:39:13
22.48,2025-05-1705:50:20
22.48,2025-05-1706:12:57
19.74,2025-05-1706:41:19
18.54,2025-05-1706:53:26
18.54,2025-05-1707:14:38
18.54,2025-05-1707:29:33
16.59,2025-05-1707:40:43
16.59,2025-05-1707:51:49
16.59,2025-05-1708:15:25
16.59,2025-05-1708:38:52
15.94,2025-05-1708:51:57
15.94,2025-05-1709:12:44
15.94,2025-05-1709:30:34
15.76,2025-05-1709:42:27
15.76,2025-05-1709:53:23
15.76,2025-05-1710:16:29
15.76,2025-05-1710:38:49
15.21,2025-05-1710:49:57
15.21,2025-05-1711:06:46
15.21,2025-05-1711:23:40
15.21,2025-05-1711:36:24
14.94,2025-05-1711:47:38
14.94,2025-05-1711:58:30
14.8,2025-05-1712:48:46
14.93,2025-05-1713:15:44
14.72,2025-05-1713:36:27
14.72,2025-05-1713:47:32
14.72,2025-05-1713:58:17
14.72,2025-05-1714:22:48
13.21,2025-05-1714:38:24
13.21,2025-05-1714:49:32
13.21,2025-05-1715:06:45
13.21,2025-05-1715:28:07
12.59,2025-05-1715:41:24
12.59,2025-05-1715:52:25
12.59,2025-05-1716:15:54
12.18,2025-05-1716:40:42
12.18,2025-05-1716:54:18
12.18,2025-05-1717:14:31
12.18,2025-05-1717:31:39
11.75,2025-05-1717:42:55
11.75,2025-05-1717:54:00
12.01,2025-05-1718:22:47
11.38,2025-05-1718:44:01
11.72,2025-05-1718:55:01
11.72,2025-05-1719:16:03
11.72,2025-05-1719:28:31
11.53,2025-05-1719:39:45
11.53,2025-05-1719:50:45
11.53,2025-05-1720:10:56
11.53,2025-05-1720:31:13
11.5,2025-05-1720:43:52
11.5,2025-05-1720:54:53
11.5,2025-05-1721:16:58
11.5,2025-05-1721:30:39
12.22,2025-05-1721:41:35
12.22,2025-05-1721:52:38
12.22,2025-05-1722:12:49
12.22,2025-05-1722:32:49
13.47,2025-05-1722:44:15
13.47,2025-05-1722:55:16
13.47,2025-05-1723:18:54
13.47,2025-05-1723:31:49
15.11,2025-05-1723:43:01
15.11,2025-05-1723:53:58
16.8,2025-05-1801:36:59
19.61,2025-05-1803:09:07
20.72,2025-05-1803:52:55
20.72,2025-05-1804:20:44
21.25,2025-05-1804:45:50
21.25,2025-05-1804:57:22
21.25,2025-05-1805:24:55
20.77,2025-05-1805:41:16
20.77,2025-05-1805:52:13
20.77,2025-05-1806:18:49
20.29,2025-05-1806:44:15
20.48,2025-05-1806:55:47
20.48,2025-05-1807:19:19
20.48,2025-05-1807:31:40
19.61,2025-05-1807:42:53
19.61,2025-05-1807:53:46
19.61,2025-05-1808:20:07
18.26,2025-05-1808:39:43
18.26,2025-05-1808:51:36
18.26,2025-05-1809:11:44
18.26,2025-05-1809:30:07
17.22,2025-05-1809:42:52
17.22,2025-05-1809:53:59
17.22,2025-05-1810:17:16
16.24,2025-05-1810:38:21
16.24,2025-05-1810:49:35
16.24,2025-05-1811:02:13
16.24,2025-05-1811:21:36
16.24,2025-05-1811:34:23
15.81,2025-05-1811:45:16
15.81,2025-05-1811:56:22
15.27,2025-05-1812:43:12
15.27,2025-05-1813:13:47
14.83,2025-05-1813:35:59
14.83,2025-05-1813:47:04
14.83,2025-05-1813:57:46
14.83,2025-05-1814:22:49
14.36,2025-05-1814:37:58
14.36,2025-05-1814:49:00
14.36,2025-05-1815:00:03
14.36,2025-05-1815:24:54
14.36,2025-05-1815:38:15
13.98,2025-05-1815:49:20
13.98,2025-05-1816:00:23
13.98,2025-05-1816:30:53
13.53,2025-05-1816:47:13
13.53,2025-05-1816:58:09
13.53,2025-05-1817:21:14
13.53,2025-05-1817:35:56
13.19,2025-05-1817:46:50
13.19,2025-05-1817:57:40
12.79,2025-05-1818:33:05
12.68,2025-05-1818:48:53
12.79,2025-05-1818:59:59
12.79,2025-05-1819:20:05
12.79,2025-05-1819:31:24
12.53,2025-05-1819:42:26
12.53,2025-05-1819:53:32
12.53,2025-05-1820:17:26
12.39,2025-05-1820:34:40
12.39,2025-05-1820:45:46
12.39,2025-05-1820:56:49
12.39,2025-05-1821:20:41
12.39,2025-05-1821:32:47
13.62,2025-05-1821:43:41
13.62,2025-05-1821:54:46
13.62,2025-05-1822:17:29
13.76,2025-05-1822:36:30
13.76,2025-05-1822:47:43
13.76,2025-05-1822:58:54
14.76,2025-05-1823:23:51
14.76,2025-05-1823:38:02
14.76,2025-05-1823:49:09
14.76,2025-05-1900:00:02
18.76,2025-05-1902:17:45
18.76,2025-05-1903:32:01
18.76,2025-05-1904:02:09
19.76,2025-05-1904:36:48
19.76,2025-05-1904:54:36
20.12,2025-05-1905:18:52
19.76,2025-05-1905:39:24
19.76,2025-05-1905:50:24
19.76,2025-05-1906:15:39
19.76,2025-05-1906:46:19
19.76,2025-05-1906:58:46
18.76,2025-05-1907:26:53
18.76,2025-05-1907:41:27
18.76,2025-05-1907:52:35
17.76,2025-05-1908:21:47
17.76,2025-05-1908:47:03
17.76,2025-05-1908:59:23
17.76,2025-05-1909:30:49
17.76,2025-05-1909:46:16
17.76,2025-05-1909:57:30
16.76,2025-05-1910:29:28
16.76,2025-05-1910:48:28
16.76,2025-05-1910:59:31
16.76,2025-05-1911:23:06
16.76,2025-05-1911:36:36
16.76,2025-05-1911:47:46
16.76,2025-05-1911:58:33
17.6,2025-05-1912:55:44
17.46,2025-05-1913:33:40
17.54,2025-05-1913:51:12
17.54,2025-05-1914:12:15
17.57,2025-05-1914:38:54
17.57,2025-05-1914:52:27
17.57,2025-05-1915:15:52
17.57,2025-05-1915:37:52
17.49,2025-05-1915:50:14
17.49,2025-05-1916:12:01
17.36,2025-05-1916:42:19
17.36,2025-05-1916:56:41
17.36,2025-05-1917:21:33
17.36,2025-05-1917:38:53
17.11,2025-05-1917:49:57
17.11,2025-05-1918:13:01
16.96,2025-05-1918:43:51
17.04,2025-05-1918:56:32
17.04,2025-05-1919:19:02
17.04,2025-05-1919:30:15
17.25,2025-05-1919:41:22
17.25,2025-05-1919:52:37
17.25,2025-05-1920:16:29
17.31,2025-05-1920:36:49
17.31,2025-05-1920:49:23
17.31,2025-05-1921:00:33
17.31,2025-05-1921:25:29
17.42,2025-05-1921:39:23
17.42,2025-05-1921:50:19
17.42,2025-05-1922:09:33
17.73,2025-05-1922:33:52
17.73,2025-05-1922:46:51
17.73,2025-05-1922:57:45
17.73,2025-05-1923:24:00
19.13,2025-05-1923:38:28
19.13,2025-05-1923:49:40
18.26,2025-05-2000:43:16
19.92,2025-05-2002:26:25
20.51,2025-05-2003:30:34
22.7,2025-05-2003:57:37
22.7,2025-05-2004:31:20
26.75,2025-05-2004:48:25
26.75,2025-05-2004:59:15
26.75,2025-05-2005:27:57
25.43,2025-05-2005:44:38
25.43,2025-05-2005:55:28
25.43,2025-05-2006:31:34
25.54,2025-05-2006:53:00
25.83,2025-05-2007:15:45
25.54,2025-05-2007:33:21
26.12,2025-05-2007:44:50
26.12,2025-05-2007:55:59
26.12,2025-05-2008:31:27
24.62,2025-05-2008:53:24
24.62,2025-05-2009:18:06
24.62,2025-05-2009:38:23
23.31,2025-05-2009:50:05
23.31,2025-05-2010:10:40
23.31,2025-05-2010:39:13
22.02,2025-05-2010:52:40
22.02,2025-05-2011:12:52
22.02,2025-05-2011:29:40
20.98,2025-05-2011:42:13
20.98,2025-05-2011:53:19
21.28,2025-05-2012:35:15
21.28,2025-05-2013:19:00
21.02,2025-05-2013:45:54
21.02,2025-05-2013:57:09
21.02,2025-05-2014:26:07
20.93,2025-05-2014:46:28
20.93,2025-05-2014:57:24
20.93,2025-05-2015:29:00
20.85,2025-05-2015:45:44
20.85,2025-05-2015:56:52
20.85,2025-05-2016:31:32
20.31,2025-05-2016:51:41
20.31,2025-05-2017:11:26
20.31,2025-05-2017:32:51
22.76,2025-05-2017:45:36
22.76,2025-05-2017:56:41
21.76,2025-05-2018:34:40
21.76,2025-05-2018:53:29
21.76,2025-05-2019:13:00
21.76,2025-05-2019:27:14
21.76,2025-05-2019:39:54
21.76,2025-05-2019:51:05
21.76,2025-05-2020:13:01
21.76,2025-05-2020:35:33
21.76,2025-05-2020:48:45
21.76,2025-05-2020:59:40
21.76,2025-05-2021:24:59
21.76,2025-05-2021:40:05
21.76,2025-05-2021:51:24
21.78,2025-05-2022:11:31
22.76,2025-05-2022:34:14
22.76,2025-05-2022:46:46
22.76,2025-05-2022:57:39
23.76,2025-05-2023:23:48
23.76,2025-05-2023:37:49
23.76,2025-05-2023:49:05
23.76,2025-05-2023:59:57
25.76,2025-05-2102:07:41
27.76,2025-05-2103:16:53
27.76,2025-05-2103:51:27
29.37,2025-05-2104:16:29
28.76,2025-05-2104:41:33
28.76,2025-05-2104:54:51
28.76,2025-05-2105:19:45
28.76,2025-05-2105:40:00
28.76,2025-05-2105:50:56
28.76,2025-05-2106:16:38
29.76,2025-05-2106:46:00
29.76,2025-05-2106:58:31
27.76,2025-05-2107:25:45
27.76,2025-05-2107:40:15
27.76,2025-05-2107:51:22
27.76,2025-05-2108:17:01
27.76,2025-05-2108:43:24
27.76,2025-05-2108:57:36
26.76,2025-05-2109:28:44
26.76,2025-05-2109:44:40
26.76,2025-05-2109:55:53
24.76,2025-05-2110:24:48
24.76,2025-05-2110:45:21
24.76,2025-05-2110:56:24
22.76,2025-05-2111:19:47
22.76,2025-05-2111:32:57
22.76,2025-05-2111:43:49
22.76,2025-05-2111:54:37
21.76,2025-05-2112:39:37
20.76,2025-05-2113:19:57
20.76,2025-05-2113:45:05
20.76,2025-05-2113:55:56
20.76,2025-05-2114:22:52
20.76,2025-05-2114:43:29
20.76,2025-05-2114:54:41
19.76,2025-05-2115:22:03
19.76,2025-05-2115:41:15
19.76,2025-05-2115:53:04
19.76,2025-05-2116:20:10
19.76,2025-05-2116:45:44
19.76,2025-05-2116:58:47
19.76,2025-05-2117:24:25
19.76,2025-05-2117:40:33
19.76,2025-05-2117:51:46
18.76,2025-05-2118:18:13
18.76,2025-05-2118:45:08
18.76,2025-05-2118:57:02
19.76,2025-05-2119:19:49
19.76,2025-05-2119:31:09
19.76,2025-05-2119:42:03
19.76,2025-05-2119:53:10
19.76,2025-05-2120:17:36
19.76,2025-05-2120:37:52
19.76,2025-05-2120:49:53
19.76,2025-05-2121:07:53
18.76,2025-05-2121:28:23
18.76,2025-05-2121:42:02
18.76,2025-05-2121:53:08
18.76,2025-05-2122:14:58
18.76,2025-05-2122:37:18
18.76,2025-05-2122:48:52
18.76,2025-05-2122:59:42
20.76,2025-05-2123:25:05
20.76,2025-05-2123:39:26
20.76,2025-05-2123:50:15
20.76,2025-05-2200:48:36
22.76,2025-05-2202:26:25
24.76,2025-05-2203:30:21
24.76,2025-05-2203:57:24
26.76,2025-05-2204:32:26
26.76,2025-05-2204:49:45
27.76,2025-05-2205:09:33
27.76,2025-05-2205:33:42
27.76,2025-05-2205:46:45
27.76,2025-05-2205:57:31
28.76,2025-05-2206:36:43
28.76,2025-05-2206:54:06
25.97,2025-05-2207:17:51
28.76,2025-05-2207:33:38
28.76,2025-05-2207:44:45
28.76,2025-05-2207:55:56
26.76,2025-05-2208:30:07
26.76,2025-05-2208:51:17
26.76,2025-05-2209:12:50
26.76,2025-05-2209:34:31
26.76,2025-05-2209:47:31
26.76,2025-05-2209:58:16
24.76,2025-05-2210:29:37
24.76,2025-05-2210:47:32
24.76,2025-05-2210:58:32
23.76,2025-05-2211:22:43
23.76,2025-05-2211:36:16
23.76,2025-05-2211:47:15
23.76,2025-05-2211:58:05
22.76,2025-05-2212:54:51
21.76,2025-05-2213:31:45
21.76,2025-05-2213:50:11
20.45,2025-05-2214:09:45
20.76,2025-05-2214:35:08
20.76,2025-05-2214:50:33
20.76,2025-05-2215:11:04
21.76,2025-05-2215:33:58
21.76,2025-05-2215:47:57
21.76,2025-05-2215:59:13
20.76,2025-05-2216:33:53
20.76,2025-05-2216:52:39
19.09,2025-05-2217:13:18
19.76,2025-05-2217:33:22
19.76,2025-05-2217:45:13
19.76,2025-05-2217:56:04
18.76,2025-05-2218:32:14
18.76,2025-05-2218:52:03
18.76,2025-05-2219:10:41
18.76,2025-05-2219:26:29
18.76,2025-05-2219:38:55
18.76,2025-05-2219:49:50
18.76,2025-05-2220:10:00
18.76,2025-05-2220:32:54
18.76,2025-05-2220:47:01
18.76,2025-05-2220:58:05
18.76,2025-05-2221:24:05
18.76,2025-05-2221:38:03
18.76,2025-05-2221:49:11
18.76,2025-05-2221:59:59
18.76,2025-05-2222:28:13
18.76,2025-05-2222:44:51
18.76,2025-05-2222:55:54
19.76,2025-05-2223:21:09
19.76,2025-05-2223:36:09
19.76,2025-05-2223:46:59
19.76,2025-05-2223:57:52
20.76,2025-05-2302:05:52
20.71,2025-05-2303:16:08
20.76,2025-05-2303:51:03
20.88,2025-05-2304:15:08
21.76,2025-05-2304:40:21
21.76,2025-05-2304:53:13
21.76,2025-05-2305:16:24
22.76,2025-05-2305:38:32
22.76,2025-05-2305:49:41
22.76,2025-05-2306:12:27
20.76,2025-05-2306:44:01
20.76,2025-05-2306:57:02
21.76,2025-05-2307:24:24
21.76,2025-05-2307:39:13
21.76,2025-05-2307:50:18
23.22,2025-05-2308:13:39
21.76,2025-05-2308:42:12
21.76,2025-05-2308:56:39
20.76,2025-05-2309:26:32
20.76,2025-05-2309:43:02
20.76,2025-05-2309:53:52
21,2025-05-2310:18:56
19.76,2025-05-2310:41:39
19.76,2025-05-2310:52:42
19.76,2025-05-2311:12:47
18.76,2025-05-2311:28:50
18.76,2025-05-2311:41:25
18.76,2025-05-2311:52:32
16.76,2025-05-2312:29:09
16.76,2025-05-2313:07:10
15.76,2025-05-2313:38:52
15.76,2025-05-2313:51:21
15.76,2025-05-2314:11:56
15.76,2025-05-2314:36:19
15.76,2025-05-2314:49:45
15.76,2025-05-2315:08:54
15.76,2025-05-2315:32:04
15.76,2025-05-2315:45:28
15.76,2025-05-2315:56:16
14.76,2025-05-2316:28:39
14.76,2025-05-2316:48:58
14.76,2025-05-2317:00:13
13.76,2025-05-2317:25:28
13.76,2025-05-2317:41:45
13.76,2025-05-2317:52:47
13.76,2025-05-2318:19:44
13.76,2025-05-2318:44:55
13.76,2025-05-2318:56:43
13.76,2025-05-2319:18:50
13.76,2025-05-2319:29:35
13.76,2025-05-2319:40:42
13.76,2025-05-2319:51:25
13.76,2025-05-2320:13:45
13.76,2025-05-2320:34:11
13.76,2025-05-2320:48:09
13.76,2025-05-2320:59:00
13.76,2025-05-2321:22:28
13.76,2025-05-2321:36:31
13.76,2025-05-2321:47:26
13.76,2025-05-2321:58:12
14.01,2025-05-2322:25:44
13.76,2025-05-2322:42:31
13.76,2025-05-2322:53:34
14.76,2025-05-2323:15:57
14.76,2025-05-2323:33:01
14.76,2025-05-2323:45:11
14.76,2025-05-2323:56:19
16.76,2025-05-2401:51:21
16.76,2025-05-2403:00:41
16.76,2025-05-2403:40:50
16.76,2025-05-2403:56:08
17.76,2025-05-2404:26:02
17.76,2025-05-2404:45:00
17.76,2025-05-2404:56:02
15.98,2025-05-2405:20:55
18.76,2025-05-2405:38:27
18.76,2025-05-2405:49:19
18.76,2025-05-2406:00:10
18.76,2025-05-2406:34:30
18.76,2025-05-2406:50:44
18.76,2025-05-2407:09:35
18.76,2025-05-2407:27:33
18.76,2025-05-2407:39:41
18.76,2025-05-2407:50:54
18.76,2025-05-2408:12:56
17.76,2025-05-2408:36:21
17.76,2025-05-2408:50:27
17.76,2025-05-2409:09:08
17.76,2025-05-2409:28:43
17.76,2025-05-2409:41:10
17.76,2025-05-2409:52:13
17.76,2025-05-2410:13:19
16.76,2025-05-2410:36:09
16.76,2025-05-2410:47:20
16.76,2025-05-2410:58:20
16.76,2025-05-2411:19:17
16.76,2025-05-2411:30:22
16.76,2025-05-2411:41:22
16.76,2025-05-2411:52:42
16.76,2025-05-2412:27:25
16.76,2025-05-2413:04:16
15.76,2025-05-2413:33:17
15.76,2025-05-2413:45:21
15.76,2025-05-2413:56:25
13.41,2025-05-2414:19:19
14.76,2025-05-2414:35:59
14.76,2025-05-2414:46:59
14.76,2025-05-2414:57:50
13.1,2025-05-2415:24:14
12.76,2025-05-2415:38:08
12.76,2025-05-2415:49:24
12.76,2025-05-2416:00:31
11.76,2025-05-2416:31:24
11.76,2025-05-2416:47:42
11.76,2025-05-2416:58:28
11.76,2025-05-2417:22:38
11.76,2025-05-2417:37:22
11.76,2025-05-2417:48:19
11.76,2025-05-2417:59:09
10.76,2025-05-2418:33:27
10.76,2025-05-2418:48:52
10.76,2025-05-2418:59:54
12.15,2025-05-2419:20:17
9.76,2025-05-2419:30:48
9.76,2025-05-2419:41:48
9.76,2025-05-2419:52:46
11.89,2025-05-2420:15:22
9.76,2025-05-2420:33:03
9.76,2025-05-2420:44:48
9.76,2025-05-2420:56:04
10.76,2025-05-2421:19:15
10.76,2025-05-2421:31:34
10.76,2025-05-2421:42:19
10.76,2025-05-2421:53:12
11.78,2025-05-2422:14:07
12.76,2025-05-2422:34:33
12.76,2025-05-2422:45:55
12.76,2025-05-2422:56:56
15.76,2025-05-2423:22:15
15.76,2025-05-2423:35:59
15.76,2025-05-2423:46:49
15.76,2025-05-2423:57:49
22.17,2025-05-2502:20:50
21.76,2025-05-2503:33:07
21.76,2025-05-2504:02:01
20.76,2025-05-2504:35:07
20.76,2025-05-2504:50:49
20.76,2025-05-2505:10:26
20.76,2025-05-2505:32:00
20.76,2025-05-2505:44:25
20.76,2025-05-2505:55:23
21.76,2025-05-2506:28:15
21.76,2025-05-2506:48:33
21.76,2025-05-2506:59:20
23.9,2025-05-2507:23:35
21.76,2025-05-2507:38:10
21.76,2025-05-2507:49:11
21.76,2025-05-2508:00:02
21.76,2025-05-2508:31:48
21.76,2025-05-2508:50:29
21.76,2025-05-2509:09:04
20.76,2025-05-2509:28:31
20.76,2025-05-2509:41:36
20.76,2025-05-2509:52:36
20.76,2025-05-2510:13:45
18.76,2025-05-2510:36:14
18.76,2025-05-2510:48:21
18.76,2025-05-2510:59:33
16.76,2025-05-2511:20:13
16.76,2025-05-2511:31:41
16.76,2025-05-2511:42:50
16.76,2025-05-2511:53:56
15.76,2025-05-2512:32:57
15.76,2025-05-2513:04:39
13.76,2025-05-2513:32:43
13.76,2025-05-2513:45:03
13.76,2025-05-2513:56:02
13.76,2025-05-2514:19:26
13.76,2025-05-2514:36:59
13.76,2025-05-2514:48:02
13.76,2025-05-2514:58:55
12.76,2025-05-2515:24:54
12.76,2025-05-2515:39:08
12.76,2025-05-2515:50:06
12.76,2025-05-2516:09:54
11.76,2025-05-2516:36:24
11.76,2025-05-2516:51:40
11.76,2025-05-2517:10:00
11.76,2025-05-2517:29:53
11.76,2025-05-2517:41:45
11.76,2025-05-2517:52:40
14.95,2025-05-2518:18:41
11.76,2025-05-2518:41:49
11.76,2025-05-2518:53:01
11.76,2025-05-2519:11:27
11.76,2025-05-2519:25:28
11.76,2025-05-2519:37:53
11.76,2025-05-2519:48:57
11.76,2025-05-2519:59:44
11.76,2025-05-2520:26:56
11.76,2025-05-2520:41:47
11.76,2025-05-2520:53:01
11.76,2025-05-2521:13:25
11.76,2025-05-2521:29:51
11.76,2025-05-2521:41:18
11.76,2025-05-2521:52:28
15.78,2025-05-2522:13:13
14.76,2025-05-2522:35:21
14.76,2025-05-2522:47:03
14.76,2025-05-2522:58:06
17.76,2025-05-2523:24:22
17.76,2025-05-2523:38:01
17.76,2025-05-2523:48:56
17.76,2025-05-2523:59:48
22.76,2025-05-2602:16:22
24.76,2025-05-2603:30:36
24.76,2025-05-2604:00:01
24.76,2025-05-2604:34:41
24.76,2025-05-2604:51:40
24.77,2025-05-2605:13:47
25.76,2025-05-2605:38:29
25.76,2025-05-2605:50:27
25.76,2025-05-2606:15:34
25.76,2025-05-2606:46:52
25.76,2025-05-2606:59:22
24.76,2025-05-2607:37:26
24.76,2025-05-2607:57:30
24.76,2025-05-2608:51:32
21.76,2025-05-2610:01:50
19.76,2025-05-2610:48:43
19.76,2025-05-2610:59:30
21.17,2025-05-2611:28:41
17.76,2025-05-2611:42:08
17.76,2025-05-2611:53:17
16.76,2025-05-2612:32:51
16.76,2025-05-2613:07:51
14.76,2025-05-2613:39:54
14.76,2025-05-2613:52:12
15.76,2025-05-2614:13:52
15.76,2025-05-2614:38:05
15.76,2025-05-2614:50:47
15.76,2025-05-2615:11:11
13.76,2025-05-2615:33:00
13.76,2025-05-2615:46:15
13.76,2025-05-2615:57:25
13.76,2025-05-2616:31:21
13.76,2025-05-2616:50:49
13.76,2025-05-2617:09:12
13.76,2025-05-2617:31:06
13.76,2025-05-2617:43:43
13.76,2025-05-2617:54:38
12.76,2025-05-2618:26:08
12.76,2025-05-2618:47:51
12.76,2025-05-2618:58:38
13.76,2025-05-2619:20:35
13.76,2025-05-2619:32:08
13.76,2025-05-2619:42:58
13.76,2025-05-2619:53:57
12.76,2025-05-2620:19:27
12.76,2025-05-2620:37:14
12.76,2025-05-2620:48:39
12.76,2025-05-2620:59:36
12.76,2025-05-2621:24:15
12.76,2025-05-2621:38:54
12.76,2025-05-2621:50:03
12.76,2025-05-2622:08:18
16.76,2025-05-2622:32:28
16.76,2025-05-2622:46:31
16.76,2025-05-2622:57:28
18.24,2025-05-2623:23:22
18.76,2025-05-2623:38:43
18.76,2025-05-2623:49:49
20.76,2025-05-2700:42:35
22.76,2025-05-2702:24:40
24.76,2025-05-2703:29:28
24.76,2025-05-2704:00:14
25.76,2025-05-2704:34:20
25.76,2025-05-2704:51:38
25.76,2025-05-2705:13:12
25.76,2025-05-2705:36:47
25.76,2025-05-2705:49:17
25.76,2025-05-2706:00:07
25.76,2025-05-2706:38:04
25.76,2025-05-2706:54:44
24.76,2025-05-2707:19:50
24.76,2025-05-2707:36:24
24.76,2025-05-2707:47:18
24.76,2025-05-2707:58:15
24.76,2025-05-2708:34:38
24.76,2025-05-2708:53:46
25.02,2025-05-2709:18:19
21.76,2025-05-2709:37:52
21.76,2025-05-2709:49:36
21.76,2025-05-2710:09:31
19.76,2025-05-2710:38:31
19.76,2025-05-2710:52:26
17.76,2025-05-2711:12:36
17.76,2025-05-2711:29:24
17.76,2025-05-2711:42:14
17.76,2025-05-2711:53:26
17.76,2025-05-2712:35:11
17.76,2025-05-2713:18:35
17.76,2025-05-2713:45:43
17.76,2025-05-2713:57:01
15.76,2025-05-2714:25:40
15.76,2025-05-2714:45:50
15.76,2025-05-2714:57:01
16.76,2025-05-2715:27:37
16.76,2025-05-2715:44:44
16.76,2025-05-2715:55:36
15.76,2025-05-2716:28:14
15.76,2025-05-2716:51:02
16.66,2025-05-2717:10:30
14.76,2025-05-2717:31:20
14.76,2025-05-2717:43:36
14.76,2025-05-2717:54:39
14.76,2025-05-2718:26:35
14.76,2025-05-2718:50:42
14.76,2025-05-2719:08:29
13.76,2025-05-2719:24:45
13.76,2025-05-2719:37:06
13.76,2025-05-2719:48:29
13.76,2025-05-2719:59:17
16.62,2025-05-2720:29:33
13.76,2025-05-2720:45:18
13.76,2025-05-2720:56:22
14.76,2025-05-2721:22:26
14.76,2025-05-2721:37:42
14.76,2025-05-2721:48:46
14.76,2025-05-2721:59:45
16.76,2025-05-2722:27:20
16.76,2025-05-2722:44:25
16.76,2025-05-2722:55:35
19.16,2025-05-2723:19:44
17.76,2025-05-2723:33:54
17.76,2025-05-2723:45:09
17.76,2025-05-2723:56:08
22.76,2025-05-2801:54:49
22.76,2025-05-2803:13:10
24.76,2025-05-2803:52:04
25.25,2025-05-2804:18:23
25.76,2025-05-2804:42:24
25.76,2025-05-2804:55:24
26.76,2025-05-2805:21:13
26.76,2025-05-2805:40:51
26.76,2025-05-2805:56:52
25.76,2025-05-2806:19:12
25.76,2025-05-2806:46:40
25.76,2025-05-2806:58:24
24.78,2025-05-2807:26:04
23.76,2025-05-2807:40:52
23.76,2025-05-2807:51:57
22.76,2025-05-2808:18:26
22.76,2025-05-2808:44:32
22.76,2025-05-2808:58:39
20.76,2025-05-2809:29:24
20.76,2025-05-2809:45:25
20.76,2025-05-2809:56:15
22.32,2025-05-2810:26:15
19.76,2025-05-2810:46:55
19.76,2025-05-2810:57:43
18.76,2025-05-2811:22:36
18.76,2025-05-2811:36:38
18.76,2025-05-2811:47:32
18.76,2025-05-2811:58:25
17.76,2025-05-2812:55:38
17.76,2025-05-2813:33:56
17.76,2025-05-2813:51:14
15.76,2025-05-2814:12:28
15.76,2025-05-2814:41:40
15.76,2025-05-2814:54:44
15.76,2025-05-2815:20:52
15.76,2025-05-2815:40:03
15.76,2025-05-2815:51:53
17.87,2025-05-2816:15:12
14.76,2025-05-2816:43:14
14.76,2025-05-2816:57:40
14.76,2025-05-2817:23:54
14.76,2025-05-2817:40:35
14.76,2025-05-2817:51:43
13.76,2025-05-2818:17:09
13.76,2025-05-2818:44:21
13.76,2025-05-2818:56:26
16.86,2025-05-2819:19:05
13.76,2025-05-2819:30:05
13.76,2025-05-2819:41:14
13.76,2025-05-2819:52:25
13.76,2025-05-2820:16:08
13.76,2025-05-2820:37:36
13.76,2025-05-2820:50:27
13.76,2025-05-2821:09:26
13.76,2025-05-2821:29:03
13.76,2025-05-2821:42:05
13.76,2025-05-2821:53:05
13.76,2025-05-2822:15:02
16.76,2025-05-2822:37:07
16.76,2025-05-2822:48:39
16.76,2025-05-2822:59:35
19.76,2025-05-2823:25:15
19.76,2025-05-2823:39:34
19.76,2025-05-2823:50:36
21.76,2025-05-2900:53:12
24.76,2025-05-2902:41:17
24.76,2025-05-2903:35:52
24.76,2025-05-2904:00:41
25.76,2025-05-2904:34:39
25.76,2025-05-2904:51:26
25.76,2025-05-2905:13:13
26.76,2025-05-2905:37:40
26.76,2025-05-2905:50:14
25.78,2025-05-2906:14:27
25.76,2025-05-2906:45:46
25.76,2025-05-2906:58:29
25.76,2025-05-2907:26:16
25.76,2025-05-2907:40:49
25.76,2025-05-2907:51:47
25.06,2025-05-2908:18:10
23.76,2025-05-2908:43:48
23.76,2025-05-2908:57:33
22.76,2025-05-2909:28:29
22.76,2025-05-2909:44:29
22.76,2025-05-2909:55:20
22.78,2025-05-2910:23:56
21.76,2025-05-2910:45:37
21.76,2025-05-2910:56:45
20.81,2025-05-2911:20:28
18.76,2025-05-2911:34:01
18.76,2025-05-2911:45:07
18.76,2025-05-2911:56:08
17.76,2025-05-2912:47:53
20.19,2025-05-2913:21:56
17.76,2025-05-2913:44:45
17.76,2025-05-2913:55:44
19.33,2025-05-2914:21:36
16.76,2025-05-2914:41:38
16.76,2025-05-2914:53:03
18.74,2025-05-2915:16:31
16.76,2025-05-2915:37:15
16.76,2025-05-2915:49:33
16.76,2025-05-2916:00:42
15.76,2025-05-2916:34:48
15.76,2025-05-2916:54:06
17.61,2025-05-2917:16:36
14.76,2025-05-2917:37:01
14.76,2025-05-2917:48:20
14.76,2025-05-2917:59:21
14.76,2025-05-2918:37:29
14.76,2025-05-2918:54:07
14.76,2025-05-2919:13:10
14.76,2025-05-2919:27:20
14.76,2025-05-2919:40:22
14.76,2025-05-2919:51:30
14.76,2025-05-2920:14:09
14.76,2025-05-2920:35:52
14.76,2025-05-2920:49:19
14.76,2025-05-2921:00:09
13.76,2025-05-2921:25:43
13.76,2025-05-2921:39:40
13.76,2025-05-2921:50:37
13.76,2025-05-2922:09:58
16.76,2025-05-2922:34:22
16.76,2025-05-2922:48:00
16.76,2025-05-2922:59:02
18.76,2025-05-2923:24:59
18.76,2025-05-2923:39:17
18.76,2025-05-2923:50:23
20.76,2025-05-3000:50:38
23.76,2025-05-3002:28:23
25.76,2025-05-3003:31:41
25.76,2025-05-3003:57:38
26.76,2025-05-3004:32:43
26.76,2025-05-3004:50:06
26.76,2025-05-3005:10:00
26.76,2025-05-3005:33:52
26.76,2025-05-3005:48:12
26.76,2025-05-3005:59:18
27.76,2025-05-3006:37:36
27.76,2025-05-3006:55:10
26.84,2025-05-3007:19:48
27.76,2025-05-3007:34:41
27.76,2025-05-3007:45:50
27.76,2025-05-3007:56:49
26.76,2025-05-3008:32:21
26.76,2025-05-3008:52:35
26.76,2025-05-3009:14:59
23.76,2025-05-3009:34:46
23.76,2025-05-3009:46:36
23.76,2025-05-3009:57:26
21.76,2025-05-3010:27:59
21.76,2025-05-3010:46:22
21.76,2025-05-3010:57:23
19.76,2025-05-3011:21:13
19.76,2025-05-3011:34:12
19.76,2025-05-3011:44:59
19.76,2025-05-3011:55:59
16.76,2025-05-3012:47:20
17.76,2025-05-3013:21:31
17.76,2025-05-3013:44:16
17.76,2025-05-3013:55:27
19.08,2025-05-3014:21:14
16.76,2025-05-3014:41:25
16.76,2025-05-3014:52:32
16.76,2025-05-3015:14:57
16.76,2025-05-3015:35:24
16.76,2025-05-3015:47:32
16.76,2025-05-3015:58:35
14.76,2025-05-3016:33:28
14.76,2025-05-3016:51:46
14.76,2025-05-3017:11:29
14.76,2025-05-3017:32:07
14.76,2025-05-3017:45:05
14.76,2025-05-3017:55:56
14.76,2025-05-3018:31:32
14.76,2025-05-3018:51:32
14.76,2025-05-3019:09:52
15.93,2025-05-3019:25:40
13.76,2025-05-3019:38:12
13.76,2025-05-3019:49:15
13.76,2025-05-3020:00:04
13.76,2025-05-3020:29:07
13.76,2025-05-3020:45:32
13.76,2025-05-3020:56:22
14.76,2025-05-3021:20:39
14.76,2025-05-3021:34:23
14.76,2025-05-3021:45:22
14.76,2025-05-3021:56:12
16.76,2025-05-3022:22:03
16.76,2025-05-3022:40:28
16.76,2025-05-3022:51:36
16.76,2025-05-3023:11:57
20.76,2025-05-3023:30:46
20.76,2025-05-3023:43:08
20.76,2025-05-3023:54:10
23.76,2025-05-3101:25:01
23.76,2025-05-3102:56:00
25.76,2025-05-3103:41:36
25.76,2025-05-3103:59:54
25.76,2025-05-3104:31:40
25.76,2025-05-3104:49:47
25.76,2025-05-3105:08:26
24.76,2025-05-3105:31:47
24.76,2025-05-3105:44:49
24.76,2025-05-3105:55:38
25.76,2025-05-3106:29:13
25.76,2025-05-3106:48:44
25.76,2025-05-3106:59:31
24.91,2025-05-3107:23:37
23.76,2025-05-3107:36:47
23.76,2025-05-3107:48:04
23.76,2025-05-3107:59:13
23.76,2025-05-3108:31:49
23.76,2025-05-3108:49:06
23.76,2025-05-3109:00:00
21.76,2025-05-3109:25:57
21.76,2025-05-3109:39:58
21.76,2025-05-3109:51:09
21.76,2025-05-3110:11:10
18.76,2025-05-3110:34:52
18.76,2025-05-3110:47:07
18.76,2025-05-3110:58:07
20.37,2025-05-3111:20:01
17.76,2025-05-3111:31:39
17.76,2025-05-3111:42:37
17.76,2025-05-3111:53:48
17.76,2025-05-3112:32:40
17.76,2025-05-3113:05:14
17.76,2025-05-3113:35:00
17.76,2025-05-3113:47:26
17.76,2025-05-3113:58:25
17.76,2025-05-3114:23:37
17.76,2025-05-3114:39:52
17.76,2025-05-3114:50:55
17.76,2025-05-3115:09:47
16.76,2025-05-3115:29:48
16.76,2025-05-3115:42:45
16.76,2025-05-3115:53:41
18.59,2025-05-3116:19:05
15.76,2025-05-3116:43:35
15.76,2025-05-3116:56:11
17.64,2025-05-3117:18:15
14.76,2025-05-3117:34:13
14.76,2025-05-3117:45:15
14.76,2025-05-3117:56:22
14.76,2025-05-3118:30:18
14.76,2025-05-3118:48:09
14.76,2025-05-3118:59:00
17.05,2025-05-3119:19:20
14.76,2025-05-3119:30:19
14.76,2025-05-3119:41:08
14.76,2025-05-3119:52:12
17.35,2025-05-3120:13:51
15.76,2025-05-3120:32:12
15.76,2025-05-3120:45:28
15.76,2025-05-3120:56:20
17.21,2025-05-3121:20:15
14.76,2025-05-3121:33:41
14.76,2025-05-3121:44:41
14.76,2025-05-3121:55:33
18.16,2025-05-3122:19:14
16.76,2025-05-3122:38:19
16.76,2025-05-3122:49:10
16.76,2025-05-3122:59:57
19.76,2025-05-3123:25:19
19.76,2025-05-3123:39:20
19.76,2025-05-3123:50:15
21.76,2025-06-0101:00:34
25.76,2025-06-0103:06:45
26.76,2025-06-0104:05:10
27.76,2025-06-0104:45:53
27.76,2025-06-0105:00:20
27.76,2025-06-0105:28:36
27.76,2025-06-0105:44:29
27.76,2025-06-0105:55:30
26.76,2025-06-0106:29:59
26.76,2025-06-0106:50:59
26.76,2025-06-0107:10:39
25.76,2025-06-0107:29:11
25.76,2025-06-0107:42:07
25.76,2025-06-0107:53:11
23.76,2025-06-0108:20:12
23.76,2025-06-0108:42:00
23.76,2025-06-0108:56:31
22.76,2025-06-0109:23:48
22.76,2025-06-0109:38:33
22.76,2025-06-0109:49:28
21.76,2025-06-0110:08:08
21.76,2025-06-0110:34:41
21.76,2025-06-0110:48:06
21.76,2025-06-0110:58:59
23.08,2025-06-0111:20:48
19.76,2025-06-0111:32:56
19.76,2025-06-0111:43:45
19.76,2025-06-0111:55:00
19.76,2025-06-0112:38:42
19.76,2025-06-0113:13:36
18.76,2025-06-0113:38:14
18.76,2025-06-0113:49:14
18.76,2025-06-0114:00:10
16.76,2025-06-0114:25:31
16.76,2025-06-0114:43:07
16.76,2025-06-0114:54:07
16.76,2025-06-0115:17:00
16.76,2025-06-0115:33:34
16.76,2025-06-0115:44:43
16.76,2025-06-0115:55:55
17.76,2025-06-0116:26:23
17.76,2025-06-0116:47:34
17.76,2025-06-0116:58:45
16.76,2025-06-0117:22:57
16.76,2025-06-0117:38:27
16.76,2025-06-0117:49:28
16.76,2025-06-0118:09:49
16.76,2025-06-0118:39:09
16.76,2025-06-0118:52:34
17.76,2025-06-0119:11:21
17.76,2025-06-0119:25:45
17.76,2025-06-0119:38:10
17.76,2025-06-0119:49:20
17.76,2025-06-0120:00:09
16.76,2025-06-0120:28:06
16.76,2025-06-0120:43:54
16.76,2025-06-0120:54:46
17.76,2025-06-0121:17:23
17.76,2025-06-0121:31:28
17.76,2025-06-0121:42:41
17.76,2025-06-0121:53:44
17.76,2025-06-0122:16:08
17.76,2025-06-0122:37:42
17.76,2025-06-0122:49:09
17.76,2025-06-0123:00:03
19.61,2025-06-0123:25:24
18.76,2025-06-0123:39:41
18.76,2025-06-0123:50:42
19.76,2025-06-0200:56:41
18.76,2025-06-0202:51:49
20.76,2025-06-0203:47:46
21.76,2025-06-0204:19:14
21.76,2025-06-0204:48:15
21.76,2025-06-0205:00:48
22.76,2025-06-0205:30:49
22.76,2025-06-0205:47:24
22.76,2025-06-0205:58:17
22.76,2025-06-0206:39:41
22.76,2025-06-0206:57:44
22.76,2025-06-0207:26:54
22.76,2025-06-0207:42:15
22.76,2025-06-0207:53:10
20.76,2025-06-0208:23:11
20.76,2025-06-0208:48:19
20.76,2025-06-0208:59:51
20.76,2025-06-0209:30:26
20.76,2025-06-0209:46:15
20.76,2025-06-0209:57:05
20.76,2025-06-0210:28:50
20.76,2025-06-0210:48:07
20.76,2025-06-0210:59:05
20.17,2025-06-0211:24:02
19.76,2025-06-0211:37:43
19.76,2025-06-0211:48:55
19.76,2025-06-0211:59:57
18.76,2025-06-0212:56:27
18.76,2025-06-0213:35:27
18.76,2025-06-0213:51:58
18.07,2025-06-0214:13:31
17.76,2025-06-0214:40:42
17.76,2025-06-0214:53:37
17.76,2025-06-0215:19:41
17.76,2025-06-0215:40:21
17.76,2025-06-0215:52:27
17.76,2025-06-0216:18:57
17.76,2025-06-0216:47:22
17.76,2025-06-0217:01:15
17.76,2025-06-0217:27:45
17.76,2025-06-0217:44:01
17.76,2025-06-0217:55:08
17.76,2025-06-0218:29:46
17.76,2025-06-0218:52:37
17.76,2025-06-0219:11:30
16.76,2025-06-0219:27:04
16.76,2025-06-0219:39:43
16.76,2025-06-0219:50:53
16.81,2025-06-0220:12:19
16.76,2025-06-0220:35:00
16.76,2025-06-0220:48:52
16.76,2025-06-0221:00:11
14.76,2025-06-0221:27:52
14.76,2025-06-0221:43:24
14.76,2025-06-0221:54:02
18.31,2025-06-0222:17:13
18.76,2025-06-0222:38:53
18.76,2025-06-0222:50:10
18.76,2025-06-0223:09:06
20.76,2025-06-0223:31:32
20.76,2025-06-0223:45:51
20.76,2025-06-0223:56:47
24.76,2025-06-0302:02:52
25.94,2025-06-0303:20:04
24.76,2025-06-0303:57:13
24.76,2025-06-0304:32:54
24.76,2025-06-0304:51:37
25.94,2025-06-0305:13:45
22.76,2025-06-0305:38:26
22.76,2025-06-0305:50:15
22.76,2025-06-0306:14:47
22.76,2025-06-0306:47:29
22.76,2025-06-0307:00:12
22.76,2025-06-0307:28:27
22.76,2025-06-0307:43:00
22.76,2025-06-0307:54:04
22.76,2025-06-0308:26:36
22.76,2025-06-0308:51:26
23.95,2025-06-0309:14:00
22.76,2025-06-0309:36:55
22.76,2025-06-0309:50:12
20.76,2025-06-0310:10:56
20.76,2025-06-0310:40:47
20.76,2025-06-0310:54:01
20.76,2025-06-0311:16:17
18.76,2025-06-0311:31:13
18.76,2025-06-0311:43:57
18.76,2025-06-0311:54:59
17.76,2025-06-0312:42:34
16.76,2025-06-0313:22:51
16.76,2025-06-0313:49:13
16.76,2025-06-0314:00:07
15.76,2025-06-0314:30:49
15.76,2025-06-0314:51:11
15.76,2025-06-0315:13:49
16.76,2025-06-0315:38:52
16.76,2025-06-0315:52:45
17.31,2025-06-0316:20:53
15.76,2025-06-0316:48:24
15.76,2025-06-0317:01:04
14.76,2025-06-0317:28:39
14.76,2025-06-0317:45:09
14.76,2025-06-0317:56:13
12.76,2025-06-0318:33:47
12.76,2025-06-0318:53:47
12.76,2025-06-0319:13:39
13.76,2025-06-0319:28:17
13.76,2025-06-0319:40:35
13.76,2025-06-0319:51:24
13.76,2025-06-0320:14:17
13.76,2025-06-0320:36:54
13.76,2025-06-0320:48:40
13.76,2025-06-0320:59:39
14.76,2025-06-0321:24:35
14.76,2025-06-0321:38:53
14.76,2025-06-0321:49:55
14.76,2025-06-0322:08:52
17.76,2025-06-0322:34:11
17.76,2025-06-0322:48:06
17.76,2025-06-0322:59:02
20.76,2025-06-0323:25:40
20.76,2025-06-0323:40:26
20.76,2025-06-0323:51:41
21.76,2025-06-0401:04:23
24.76,2025-06-0402:53:14
24.76,2025-06-0403:44:28
24.76,2025-06-0404:14:26
24.76,2025-06-0404:43:57
24.76,2025-06-0404:57:18
24.76,2025-06-0405:26:12
24.76,2025-06-0405:44:43
24.76,2025-06-0405:55:39
23.76,2025-06-0406:32:31
23.76,2025-06-0406:53:36
24.62,2025-06-0407:17:18
23.76,2025-06-0407:34:55
23.76,2025-06-0407:46:41
23.76,2025-06-0407:57:45
22.76,2025-06-0408:35:39
22.76,2025-06-0408:55:11
21.76,2025-06-0409:23:15
21.76,2025-06-0409:41:43
21.76,2025-06-0409:52:46
22.21,2025-06-0410:17:27
21.76,2025-06-0410:42:24
21.76,2025-06-0410:54:37
20.76,2025-06-0411:17:15
20.76,2025-06-0411:33:07
20.76,2025-06-0411:44:41
20.76,2025-06-0411:55:48
18.76,2025-06-0412:48:43
17.76,2025-06-0413:25:54
17.76,2025-06-0413:51:04
17.76,2025-06-0414:09:52
17.76,2025-06-0414:51:10
15.76,2025-06-0415:35:15
15.76,2025-06-0415:59:25
15.76,2025-06-0416:30:24
15.76,2025-06-0416:50:03
15.76,2025-06-0417:08:23
15.76,2025-06-0417:32:40
15.76,2025-06-0417:46:15
15.76,2025-06-0417:57:13
14.76,2025-06-0418:36:13
14.76,2025-06-0418:54:07
16.41,2025-06-0419:15:15
13.76,2025-06-0419:27:33
13.76,2025-06-0419:38:45
13.76,2025-06-0419:49:32
13.76,2025-06-0420:07:15
11.76,2025-06-0420:27:00
